operator,name_from,name_to,distance,price1,price2,price3
AREA,AIGUEBELETTE,AIX NORD,24.00,3.50,5.50,7.60
AREA,AIGUEBELETTE,AIX SUD,17.00,2.90,4.40,6.30
AREA,AIGUEBELETTE,ALLONZIER,62.00,8.50,12.50,18.00
AREA,AIGUEBELETTE,ANNECY CENTRE,50.00,7.00,10.50,15.10
AREA,AIGUEBELETTE,ANNECY NORD,55.00,7.30,11.20,16.00
AREA,AIGUEBELETTE,BOURGOIN,41.00,5.30,7.90,11.20
AREA,AIGUEBELETTE,CHAMBERY NORD,10.00,1.60,2.60,3.80
AREA,AIGUEBELETTE,CHATUZANGE BARRIERE,143.00,17.40,27.10,38.50
AREA,AIGUEBELETTE,ISLE D'ABEAU CENTRE,47.00,6.20,9.50,13.80
AREA,AIGUEBELETTE,LA BAUME D'HOSTUN,127.00,14.50,22.50,32.80
AREA,AIGUEBELETTE,LA TOUR DU PIN,32.00,4.00,6.50,8.90
AREA,AIGUEBELETTE,LES ABRETS,17.00,2.10,3.60,4.90
AREA,AIGUEBELETTE,MOIRANS NORD,77.00,9.10,13.30,19.40
AREA,AIGUEBELETTE,RIVES,62.00,7.30,11.00,15.40
AREA,AIGUEBELETTE,RUMILLY,37.00,5.60,8.00,11.60
AREA,AIGUEBELETTE,SAINT GENIX SUR GUIERS,13.00,1.60,2.50,4.20
AREA,AIGUEBELETTE,SAINT MARCELLIN,114.00,12.80,20.10,29.00
AREA,AIGUEBELETTE,SEYNOD SUD,44.00,6.20,9.60,13.40
AREA,AIGUEBELETTE,ST MARTIN BELLEVUE A410,87.00,11.70,17.80,25.10
AREA,AIGUEBELETTE,ST QUENTIN FAL. BARRIERE,78.00,11.00,16.30,23.10
AREA,AIGUEBELETTE,ST QUENTIN FAL. BRETELLE,57.00,7.40,11.40,16.70
AREA,AIGUEBELETTE,TULLINS,90.00,10.40,15.50,22.30
AREA,AIGUEBELETTE,VILLEFONTAINE,53.00,6.90,10.50,15.20
AREA,AIGUEBELETTE,VINAY,104.00,11.90,18.00,26.10
AREA,AIGUEBELETTE,VOIRON,73.00,8.70,12.50,18.20
AREA,AIGUEBELETTE,VOREPPE BARRIERE,97.00,10.70,16.60,23.30
AREA,AITON,CHIGNIN BARRIERE,31.00,4.20,6.80,10.70
AREA,AITON,CHIGNIN LES MARCHES,25.00,2.80,4.50,6.70
AREA,AITON,CROLLES BARRIERE,61.00,8.00,12.40,17.80
AREA,AITON,CROLLES BRIGNOUD,48.00,7.30,11.10,13.30
AREA,AITON,LE TOUVET,37.00,4.60,7.40,10.90
AREA,AITON,MONTMELIAN,18.00,2.20,3.30,4.70
AREA,AITON,PONTCHARRA,28.00,4.10,6.20,8.60
AREA,AITON,STE HELENE BARRIERE,17.00,2.00,3.20,5.10
AREA,AIX NORD,AIGUEBELETTE,24.00,3.50,5.50,7.60
AREA,AIX NORD,AIX SUD,7.00,0.90,1.40,1.90
AREA,AIX NORD,ALLONZIER,38.00,4.50,6.80,9.50
AREA,AIX NORD,ANNECY CENTRE,26.00,3.40,5.00,7.30
AREA,AIX NORD,ANNECY NORD,31.00,3.80,6.10,8.00
AREA,AIX NORD,BOURGOIN,65.00,9.60,13.70,20.20
AREA,AIX NORD,CHAMBERY NORD,14.00,2.00,3.10,4.50
AREA,AIX NORD,CHATUZANGE BARRIERE,167.00,21.30,33.20,45.70
AREA,AIX NORD,ISLE D'ABEAU CENTRE,71.00,9.80,15.20,21.80
AREA,AIX NORD,LA BAUME D'HOSTUN,151.00,17.30,28.00,39.30
AREA,AIX NORD,LA TOUR DU PIN,56.00,8.00,12.30,18.00
AREA,AIX NORD,LES ABRETS,41.00,6.30,9.50,13.60
AREA,AIX NORD,MOIRANS NORD,101.00,11.50,18.20,27.00
AREA,AIX NORD,RIVES,86.00,10.20,16.50,22.80
AREA,AIX NORD,RUMILLY,13.00,1.70,2.40,3.90
AREA,AIX NORD,SAINT GENIX SUR GUIERS,37.00,5.80,7.90,11.90
AREA,AIX NORD,SAINT MARCELLIN,138.00,15.80,25.40,36.10
AREA,AIX NORD,SEYNOD SUD,20.00,2.50,3.70,5.60
AREA,AIX NORD,ST MARTIN BELLEVUE A410,63.00,7.70,11.40,16.60
AREA,AIX NORD,ST QUENTIN FAL. BARRIERE,102.00,14.40,22.10,32.80
AREA,AIX NORD,ST QUENTIN FAL. BRETELLE,81.00,10.90,17.00,25.10
AREA,AIX NORD,TULLINS,114.00,12.90,20.20,28.60
AREA,AIX NORD,VILLEFONTAINE,77.00,10.40,15.30,23.00
AREA,AIX NORD,VINAY,128.00,14.60,23.00,32.30
AREA,AIX NORD,VOIRON,97.00,11.10,17.10,24.40
AREA,AIX NORD,VOREPPE BARRIERE,121.00,13.60,21.60,30.80
AREA,AIX SUD,AIGUEBELETTE,17.00,2.90,4.40,6.30
AREA,AIX SUD,AIX NORD,7.00,0.90,1.40,1.90
AREA,AIX SUD,ALLONZIER,45.00,5.10,7.60,10.70
AREA,AIX SUD,ANNECY CENTRE,33.00,4.20,6.50,9.10
AREA,AIX SUD,ANNECY NORD,38.00,4.50,6.80,9.40
AREA,AIX SUD,BOURGOIN,58.00,8.30,12.60,18.70
AREA,AIX SUD,CHAMBERY NORD,7.00,1.00,1.40,2.30
AREA,AIX SUD,CHATUZANGE BARRIERE,160.00,20.70,31.70,45.20
AREA,AIX SUD,ISLE D'ABEAU CENTRE,64.00,9.50,14.00,20.60
AREA,AIX SUD,LA BAUME D'HOSTUN,144.00,16.70,27.30,37.90
AREA,AIX SUD,LA TOUR DU PIN,49.00,6.90,10.90,15.30
AREA,AIX SUD,LES ABRETS,34.00,5.40,7.80,11.50
AREA,AIX SUD,MOIRANS NORD,94.00,11.40,17.30,24.90
AREA,AIX SUD,RIVES,79.00,9.80,14.80,21.20
AREA,AIX SUD,RUMILLY,20.00,2.40,3.80,5.20
AREA,AIX SUD,SAINT GENIX SUR GUIERS,30.00,4.80,6.80,10.50
AREA,AIX SUD,SAINT MARCELLIN,131.00,15.20,24.50,34.40
AREA,AIX SUD,SEYNOD SUD,27.00,3.30,4.90,6.90
AREA,AIX SUD,ST MARTIN BELLEVUE A410,70.00,8.40,12.90,18.10
AREA,AIX SUD,ST QUENTIN FAL. BARRIERE,95.00,14.10,21.30,31.80
AREA,AIX SUD,ST QUENTIN FAL. BRETELLE,74.00,10.50,16.50,23.90
AREA,AIX SUD,TULLINS,107.00,12.60,19.50,28.00
AREA,AIX SUD,VILLEFONTAINE,70.00,9.80,14.70,21.60
AREA,AIX SUD,VINAY,121.00,14.10,22.10,31.40
AREA,AIX SUD,VOIRON,90.00,10.50,16.40,23.50
AREA,AIX SUD,VOREPPE BARRIERE,114.00,13.20,20.60,29.20
AREA,ALLONZIER,AIGUEBELETTE,62.00,8.50,12.50,18.00
AREA,ALLONZIER,AIX NORD,38.00,4.50,6.80,9.50
AREA,ALLONZIER,AIX SUD,45.00,5.10,7.60,10.70
AREA,ALLONZIER,ANNECY CENTRE,12.00,1.80,2.40,4.30
AREA,ALLONZIER,ANNECY NORD,7.00,1.00,1.40,2.30
AREA,ALLONZIER,BOURGOIN,103.00,13.30,20.00,28.60
AREA,ALLONZIER,CHAMBERY NORD,52.00,6.80,10.50,14.90
AREA,ALLONZIER,CHATUZANGE BARRIERE,205.00,25.50,39.10,54.80
AREA,ALLONZIER,ISLE D'ABEAU CENTRE,109.00,14.20,21.30,31.40
AREA,ALLONZIER,LA BAUME D'HOSTUN,189.00,21.40,33.60,47.60
AREA,ALLONZIER,LA TOUR DU PIN,94.00,11.90,18.70,27.10
AREA,ALLONZIER,LES ABRETS,79.00,10.90,16.80,23.40
AREA,ALLONZIER,MOIRANS NORD,139.00,15.60,24.40,34.50
AREA,ALLONZIER,RIVES,124.00,14.30,21.90,31.10
AREA,ALLONZIER,RUMILLY,25.00,3.20,4.80,7.20
AREA,ALLONZIER,SAINT GENIX SUR GUIERS,75.00,10.50,15.40,21.30
AREA,ALLONZIER,SAINT MARCELLIN,176.00,20.00,30.70,43.70
AREA,ALLONZIER,SEYNOD SUD,18.00,2.20,3.50,4.80
AREA,ALLONZIER,ST QUENTIN FAL. BARRIERE,140.00,18.60,28.70,41.30
AREA,ALLONZIER,ST QUENTIN FAL. BRETELLE,119.00,15.70,24.00,35.50
AREA,ALLONZIER,TULLINS,152.00,17.20,26.10,37.30
AREA,ALLONZIER,VILLEFONTAINE,115.00,14.90,22.80,33.00
AREA,ALLONZIER,VINAY,166.00,18.60,28.60,40.80
AREA,ALLONZIER,VOIRON,135.00,15.00,23.40,33.20
AREA,ALLONZIER,VOREPPE BARRIERE,159.00,18.20,27.80,39.00
AREA,ANNECY CENTRE,AIGUEBELETTE,50.00,7.00,10.50,15.10
AREA,ANNECY CENTRE,AIX NORD,26.00,3.40,5.00,7.30
AREA,ANNECY CENTRE,AIX SUD,33.00,4.20,6.50,9.10
AREA,ANNECY CENTRE,ALLONZIER,12.00,1.80,2.40,4.30
AREA,ANNECY CENTRE,ANNECY NORD,5.00,0.60,0.90,1.40
AREA,ANNECY CENTRE,BOURGOIN,91.00,12.10,18.10,25.60
AREA,ANNECY CENTRE,CHAMBERY NORD,40.00,5.60,8.30,12.20
AREA,ANNECY CENTRE,CHATUZANGE BARRIERE,193.00,24.90,37.60,52.40
AREA,ANNECY CENTRE,ISLE D'ABEAU CENTRE,97.00,12.90,19.90,28.40
AREA,ANNECY CENTRE,LA BAUME D'HOSTUN,177.00,20.50,32.30,46.00
AREA,ANNECY CENTRE,LA TOUR DU PIN,82.00,11.20,16.90,23.80
AREA,ANNECY CENTRE,LES ABRETS,67.00,10.10,15.10,21.00
AREA,ANNECY CENTRE,MOIRANS NORD,127.00,15.00,23.10,33.10
AREA,ANNECY CENTRE,RIVES,112.00,13.50,20.60,29.30
AREA,ANNECY CENTRE,RUMILLY,13.00,1.70,2.50,4.40
AREA,ANNECY CENTRE,SAINT GENIX SUR GUIERS,63.00,9.10,13.30,18.90
AREA,ANNECY CENTRE,SAINT MARCELLIN,164.00,18.80,29.50,41.40
AREA,ANNECY CENTRE,SEYNOD SUD,6.00,0.80,1.20,1.60
AREA,ANNECY CENTRE,ST MARTIN BELLEVUE A410,37.00,5.10,7.80,11.80
AREA,ANNECY CENTRE,ST QUENTIN FAL. BARRIERE,128.00,17.70,27.30,39.70
AREA,ANNECY CENTRE,ST QUENTIN FAL. BRETELLE,107.00,14.10,22.10,32.50
AREA,ANNECY CENTRE,TULLINS,140.00,16.30,24.60,35.30
AREA,ANNECY CENTRE,VILLEFONTAINE,103.00,13.50,20.10,29.00
AREA,ANNECY CENTRE,VINAY,154.00,17.30,27.10,38.50
AREA,ANNECY CENTRE,VOIRON,123.00,13.80,21.30,31.00
AREA,ANNECY CENTRE,VOREPPE BARRIERE,147.00,17.20,27.00,37.70
AREA,ANNECY NORD,AIGUEBELETTE,55.00,7.30,11.20,16.00
AREA,ANNECY NORD,AIX NORD,31.00,3.80,6.10,8.00
AREA,ANNECY NORD,AIX SUD,38.00,4.50,6.80,9.40
AREA,ANNECY NORD,ALLONZIER,7.00,1.00,1.40,2.30
AREA,ANNECY NORD,ANNECY CENTRE,5.00,0.60,0.90,1.40
AREA,ANNECY NORD,BOURGOIN,96.00,12.40,19.20,27.40
AREA,ANNECY NORD,CHAMBERY NORD,45.00,5.90,9.40,13.00
AREA,ANNECY NORD,CHATUZANGE BARRIERE,198.00,25.30,38.40,53.50
AREA,ANNECY NORD,ISLE D'ABEAU CENTRE,102.00,13.10,20.60,29.80
AREA,ANNECY NORD,LA BAUME D'HOSTUN,182.00,20.80,33.10,46.00
AREA,ANNECY NORD,LA TOUR DU PIN,87.00,11.60,17.60,25.20
AREA,ANNECY NORD,LES ABRETS,72.00,10.50,15.80,21.60
AREA,ANNECY NORD,MOIRANS NORD,132.00,15.00,23.50,33.70
AREA,ANNECY NORD,RIVES,117.00,13.60,20.90,29.30
AREA,ANNECY NORD,RUMILLY,18.00,2.30,3.50,5.10
AREA,ANNECY NORD,SAINT GENIX SUR GUIERS,68.00,9.70,14.40,20.60
AREA,ANNECY NORD,SAINT MARCELLIN,169.00,18.90,30.30,42.20
AREA,ANNECY NORD,SEYNOD SUD,11.00,1.40,2.10,3.20
AREA,ANNECY NORD,ST MARTIN BELLEVUE A410,32.00,4.90,7.10,10.80
AREA,ANNECY NORD,ST QUENTIN FAL. BARRIERE,133.00,18.40,27.70,40.60
AREA,ANNECY NORD,ST QUENTIN FAL. BRETELLE,112.00,14.80,23.00,33.50
AREA,ANNECY NORD,TULLINS,145.00,16.60,25.60,35.90
AREA,ANNECY NORD,VILLEFONTAINE,108.00,14.10,21.10,31.40
AREA,ANNECY NORD,VINAY,159.00,18.00,28.10,39.30
AREA,ANNECY NORD,VOIRON,128.00,14.40,21.90,31.40
AREA,ANNECY NORD,VOREPPE BARRIERE,152.00,17.40,27.20,38.10
AREA,BOURGOIN,AIGUEBELETTE,41.00,5.30,7.90,11.20
AREA,BOURGOIN,AIX NORD,65.00,9.60,13.70,20.20
AREA,BOURGOIN,AIX SUD,58.00,8.30,12.60,18.70
AREA,BOURGOIN,ALLONZIER,103.00,13.30,20.00,28.60
AREA,BOURGOIN,ANNECY CENTRE,91.00,12.10,18.10,25.60
AREA,BOURGOIN,ANNECY NORD,96.00,12.40,19.20,27.40
AREA,BOURGOIN,CHAMBERY NORD,51.00,7.60,12.00,17.60
AREA,BOURGOIN,CHATUZANGE BARRIERE,109.00,15.30,22.60,31.90
AREA,BOURGOIN,ISLE D'ABEAU CENTRE,6.00,0.70,1.20,1.60
AREA,BOURGOIN,LA BAUME D'HOSTUN,93.00,11.70,18.20,25.70
AREA,BOURGOIN,LA TOUR DU PIN,9.00,1.20,2.00,3.10
AREA,BOURGOIN,LA TOUR DU PIN EST,12.00,1.60,2.60,3.80
AREA,BOURGOIN,LES ABRETS,24.00,3.30,5.10,6.90
AREA,BOURGOIN,MOIRANS NORD,43.00,5.00,7.90,11.70
AREA,BOURGOIN,RIVES,28.00,3.20,5.40,7.50
AREA,BOURGOIN,RUMILLY,78.00,10.90,16.60,23.30
AREA,BOURGOIN,SAINT GENIX SUR GUIERS,28.00,3.80,6.00,7.80
AREA,BOURGOIN,SAINT MARCELLIN,80.00,10.00,15.50,22.10
AREA,BOURGOIN,SEYNOD SUD,85.00,11.20,17.20,24.50
AREA,BOURGOIN,ST MARTIN BELLEVUE A410,128.00,16.70,25.20,35.30
AREA,BOURGOIN,ST QUENTIN FAL. BARRIERE,37.00,4.60,7.00,9.40
AREA,BOURGOIN,ST QUENTIN FAL. BRETELLE,16.00,1.80,3.20,4.90
AREA,BOURGOIN,TULLINS,56.00,7.10,10.80,15.20
AREA,BOURGOIN,VILLEFONTAINE,12.00,1.40,2.30,3.60
AREA,BOURGOIN,VINAY,70.00,8.80,13.40,19.00
AREA,BOURGOIN,VOIRON,39.00,4.40,7.20,10.30
AREA,BOURGOIN,VOREPPE BARRIERE,63.00,7.20,10.90,15.50
AREA,CHAMBERY NORD,AIGUEBELETTE,10.00,1.60,2.60,3.80
AREA,CHAMBERY NORD,AIX NORD,14.00,2.00,3.10,4.50
AREA,CHAMBERY NORD,AIX SUD,7.00,1.00,1.40,2.30
AREA,CHAMBERY NORD,ALLONZIER,52.00,6.80,10.50,14.90
AREA,CHAMBERY NORD,ANNECY CENTRE,40.00,5.60,8.30,12.20
AREA,CHAMBERY NORD,ANNECY NORD,45.00,5.90,9.40,13.00
AREA,CHAMBERY NORD,BOURGOIN,51.00,7.60,12.00,17.60
AREA,CHAMBERY NORD,CHATUZANGE BARRIERE,153.00,20.30,30.60,43.70
AREA,CHAMBERY NORD,ISLE D'ABEAU CENTRE,57.00,8.80,13.20,19.40
AREA,CHAMBERY NORD,LA BAUME D'HOSTUN,137.00,17.00,25.50,36.80
AREA,CHAMBERY NORD,LA TOUR DU PIN,42.00,6.20,10.00,14.40
AREA,CHAMBERY NORD,LES ABRETS,27.00,4.50,6.70,9.80
AREA,CHAMBERY NORD,MOIRANS NORD,87.00,11.00,16.60,24.00
AREA,CHAMBERY NORD,RIVES,72.00,9.20,14.10,20.70
AREA,CHAMBERY NORD,RUMILLY,27.00,3.60,5.70,7.80
AREA,CHAMBERY NORD,SAINT GENIX SUR GUIERS,23.00,3.80,5.80,8.80
AREA,CHAMBERY NORD,SAINT MARCELLIN,124.00,15.30,22.80,33.50
AREA,CHAMBERY NORD,SEYNOD SUD,34.00,4.50,6.90,9.90
AREA,CHAMBERY NORD,ST MARTIN BELLEVUE A410,77.00,10.70,16.40,22.90
AREA,CHAMBERY NORD,ST QUENTIN FAL. BARRIERE,88.00,13.40,21.20,31.40
AREA,CHAMBERY NORD,ST QUENTIN FAL. BRETELLE,67.00,10.40,16.30,23.80
AREA,CHAMBERY NORD,TULLINS,100.00,12.20,18.40,26.80
AREA,CHAMBERY NORD,VILLEFONTAINE,63.00,9.70,14.20,20.70
AREA,CHAMBERY NORD,VINAY,114.00,13.80,20.70,30.40
AREA,CHAMBERY NORD,VOIRON,83.00,10.50,16.10,22.90
AREA,CHAMBERY NORD,VOREPPE BARRIERE,107.00,13.30,19.60,28.50
AREA,CHATUZANGE BARRIERE,AIGUEBELETTE,143.00,17.40,27.10,38.50
AREA,CHATUZANGE BARRIERE,AIX NORD,167.00,21.30,33.20,45.70
AREA,CHATUZANGE BARRIERE,AIX SUD,160.00,20.70,31.70,45.20
AREA,CHATUZANGE BARRIERE,ALLONZIER,205.00,25.50,39.10,54.80
AREA,CHATUZANGE BARRIERE,ANNECY CENTRE,193.00,24.90,37.60,52.40
AREA,CHATUZANGE BARRIERE,ANNECY NORD,198.00,25.30,38.40,53.50
AREA,CHATUZANGE BARRIERE,BOURGOIN,109.00,15.30,22.60,31.90
AREA,CHATUZANGE BARRIERE,CHAMBERY NORD,153.00,20.30,30.60,43.70
AREA,CHATUZANGE BARRIERE,ISLE D'ABEAU CENTRE,115.00,15.40,23.70,33.90
AREA,CHATUZANGE BARRIERE,LA BAUME D'HOSTUN,16.00,2.60,4.00,5.80
AREA,CHATUZANGE BARRIERE,LA TOUR DU PIN,111.00,15.40,23.10,32.40
AREA,CHATUZANGE BARRIERE,LA TOUR DU PIN EST,119.00,15.80,23.60,33.30
AREA,CHATUZANGE BARRIERE,LES ABRETS,126.00,16.70,25.20,35.70
AREA,CHATUZANGE BARRIERE,MOIRANS,71.00,9.90,14.70,20.20
AREA,CHATUZANGE BARRIERE,RIVES,81.00,11.70,17.60,24.70
AREA,CHATUZANGE BARRIERE,RUMILLY,180.00,22.40,34.80,48.10
AREA,CHATUZANGE BARRIERE,SAINT GENIX SUR GUIERS,135.00,17.70,27.00,38.00
AREA,CHATUZANGE BARRIERE,SAINT MARCELLIN,29.00,4.20,6.60,9.40
AREA,CHATUZANGE BARRIERE,SEYNOD SUD,192.00,23.00,35.10,48.90
AREA,CHATUZANGE BARRIERE,ST MARTIN BELLEVUE A410,230.00,30.00,44.80,61.20
AREA,CHATUZANGE BARRIERE,ST QUENTIN FAL. BARRIERE,146.00,19.00,28.90,41.00
AREA,CHATUZANGE BARRIERE,ST QUENTIN FAL. BRETELLE,125.00,16.70,25.30,36.70
AREA,CHATUZANGE BARRIERE,TULLINS,53.00,7.50,11.40,16.50
AREA,CHATUZANGE BARRIERE,VILLEFONTAINE,121.00,15.70,24.30,35.30
AREA,CHATUZANGE BARRIERE,VINAY,39.00,5.50,8.40,12.20
AREA,CHATUZANGE BARRIERE,VOIRON,70.00,11.00,16.20,22.00
AREA,CHATUZANGE BARRIERE,VOREPPE BARRIERE,79.00,11.30,17.90,25.10
AREA,CHESNES,Système Ouvert,19.00,2.30,3.60,5.70
AREA,CHIGNIN BARRIERE,AITON,31.00,4.20,6.80,10.70
AREA,CHIGNIN BARRIERE,CROLLES BARRIERE,51.00,6.70,10.10,15.40
AREA,CHIGNIN BARRIERE,CROLLES BRIGNOUD,37.00,6.00,8.60,11.00
AREA,CHIGNIN BARRIERE,LE TOUVET,27.00,3.40,5.40,7.20
AREA,CHIGNIN BARRIERE,MONTMELIAN,15.00,1.90,2.90,4.70
AREA,CHIGNIN BARRIERE,PONTCHARRA,17.00,2.10,3.30,4.90
AREA,CHIGNIN BARRIERE,SAINT PIERRE D'ALBIGNY,24.00,3.10,4.60,7.40
AREA,CHIGNIN BARRIERE,STE HELENE BARRIERE,44.00,6.10,10.10,14.00
AREA,CHIGNIN BRETELLE,Système Ouvert,7.00,1.00,1.60,2.70
AREA,CHIGNIN LES MARCHES,AITON,25.00,2.80,4.50,6.70
AREA,CHIGNIN LES MARCHES,CROLLES BARRIERE,44.00,4.70,7.50,11.40
AREA,CHIGNIN LES MARCHES,CROLLES BRIGNOUD,30.00,4.10,6.60,7.80
AREA,CHIGNIN LES MARCHES,LE TOUVET,20.00,2.40,3.60,5.10
AREA,CHIGNIN LES MARCHES,MONTMELIAN,8.00,0.90,1.40,1.90
AREA,CHIGNIN LES MARCHES,PONTCHARRA,10.00,1.30,1.80,2.60
AREA,CHIGNIN LES MARCHES,SAINT PIERRE D'ALBIGNY,18.00,2.10,3.20,4.90
AREA,CHIGNIN LES MARCHES,STE HELENE BARRIERE,38.00,4.40,7.20,10.00
AREA,CROLLES BARRIERE,AITON,61.00,8.00,12.40,17.80
AREA,CROLLES BARRIERE,CHIGNIN BARRIERE,51.00,6.70,10.10,15.40
AREA,CROLLES BARRIERE,CHIGNIN LES MARCHES,44.00,4.70,7.50,11.40
AREA,CROLLES BARRIERE,LE TOUVET,24.00,2.30,4.00,5.90
AREA,CROLLES BARRIERE,MONTMELIAN,43.00,6.10,8.50,12.30
AREA,CROLLES BARRIERE,PONTCHARRA,34.00,3.80,6.00,8.40
AREA,CROLLES BARRIERE,SAINT PIERRE D'ALBIGNY,54.00,6.80,10.40,14.80
AREA,CROLLES BARRIERE,STE HELENE BARRIERE,74.00,10.50,15.30,21.70
AREA,CROLLES BRIGNOUD,AITON,48.00,7.30,11.10,13.30
AREA,CROLLES BRIGNOUD,CHIGNIN BARRIERE,37.00,6.00,8.60,11.00
AREA,CROLLES BRIGNOUD,CHIGNIN LES MARCHES,30.00,4.10,6.60,7.80
AREA,CROLLES BRIGNOUD,LE TOUVET,10.00,1.80,2.70,3.20
AREA,CROLLES BRIGNOUD,MONTMELIAN,29.00,5.10,7.10,8.10
AREA,CROLLES BRIGNOUD,PONTCHARRA,20.00,3.20,4.80,5.70
AREA,CROLLES BRIGNOUD,SAINT PIERRE D'ALBIGNY,41.00,6.10,9.00,10.30
AREA,CROLLES BRIGNOUD,STE HELENE BARRIERE,61.00,9.60,13.50,17.10
AREA,CRUSEILLES A 410,Système Ouvert,25.00,3.20,4.90,7.40
AREA,ISLE D'ABEAU CENTRE,AIGUEBELETTE,47.00,6.20,9.50,13.80
AREA,ISLE D'ABEAU CENTRE,AIX NORD,71.00,9.80,15.20,21.80
AREA,ISLE D'ABEAU CENTRE,AIX SUD,64.00,9.50,14.00,20.60
AREA,ISLE D'ABEAU CENTRE,ALLONZIER,109.00,14.20,21.30,31.40
AREA,ISLE D'ABEAU CENTRE,ANNECY CENTRE,97.00,12.90,19.90,28.40
AREA,ISLE D'ABEAU CENTRE,ANNECY NORD,102.00,13.10,20.60,29.80
AREA,ISLE D'ABEAU CENTRE,BOURGOIN,6.00,0.70,1.20,1.60
AREA,ISLE D'ABEAU CENTRE,CHAMBERY NORD,57.00,8.80,13.20,19.40
AREA,ISLE D'ABEAU CENTRE,CHATUZANGE BARRIERE,115.00,15.40,23.70,33.90
AREA,ISLE D'ABEAU CENTRE,LA BAUME D'HOSTUN,99.00,12.30,19.10,27.90
AREA,ISLE D'ABEAU CENTRE,LA TOUR DU PIN,15.00,2.20,3.60,5.40
AREA,ISLE D'ABEAU CENTRE,LA TOUR DU PIN EST,18.00,2.60,4.10,6.40
AREA,ISLE D'ABEAU CENTRE,LES ABRETS,30.00,4.10,6.30,9.10
AREA,ISLE D'ABEAU CENTRE,MOIRANS NORD,49.00,7.00,10.60,14.90
AREA,ISLE D'ABEAU CENTRE,RIVES,34.00,5.10,7.00,10.70
AREA,ISLE D'ABEAU CENTRE,RUMILLY,84.00,11.00,16.90,24.40
AREA,ISLE D'ABEAU CENTRE,SAINT GENIX SUR GUIERS,34.00,4.50,7.00,10.00
AREA,ISLE D'ABEAU CENTRE,SAINT MARCELLIN,86.00,10.80,16.70,23.80
AREA,ISLE D'ABEAU CENTRE,SEYNOD SUD,91.00,11.80,18.10,26.10
AREA,ISLE D'ABEAU CENTRE,ST MARTIN BELLEVUE A410,134.00,17.50,27.30,39.00
AREA,ISLE D'ABEAU CENTRE,ST QUENTIN FAL. BARRIERE,31.00,3.70,6.00,8.40
AREA,ISLE D'ABEAU CENTRE,ST QUENTIN FAL. BRETELLE,10.00,1.10,1.80,3.40
AREA,ISLE D'ABEAU CENTRE,TULLINS,62.00,7.80,11.90,17.70
AREA,ISLE D'ABEAU CENTRE,VILLEFONTAINE,6.00,0.70,1.00,1.50
AREA,ISLE D'ABEAU CENTRE,VINAY,76.00,9.60,14.50,21.00
AREA,ISLE D'ABEAU CENTRE,VOIRON,45.00,6.40,9.20,13.40
AREA,ISLE D'ABEAU CENTRE,VOREPPE BARRIERE,69.00,9.30,13.60,19.40
AREA,LA BAUME D'HOSTUN,AIGUEBELETTE,127.00,14.50,22.50,32.80
AREA,LA BAUME D'HOSTUN,AIX NORD,151.00,17.30,28.00,39.30
AREA,LA BAUME D'HOSTUN,AIX SUD,144.00,16.70,27.30,37.90
AREA,LA BAUME D'HOSTUN,ALLONZIER,189.00,21.40,33.60,47.60
AREA,LA BAUME D'HOSTUN,ANNECY CENTRE,177.00,20.50,32.30,46.00
AREA,LA BAUME D'HOSTUN,ANNECY NORD,182.00,20.80,33.10,46.00
AREA,LA BAUME D'HOSTUN,BOURGOIN,93.00,11.70,18.20,25.70
AREA,LA BAUME D'HOSTUN,CHAMBERY NORD,137.00,17.00,25.50,36.80
AREA,LA BAUME D'HOSTUN,CHATUZANGE BARRIERE,16.00,2.60,4.00,5.80
AREA,LA BAUME D'HOSTUN,ISLE D'ABEAU CENTRE,99.00,12.30,19.10,27.90
AREA,LA BAUME D'HOSTUN,LA TOUR DU PIN,95.00,11.90,18.20,27.10
AREA,LA BAUME D'HOSTUN,LA TOUR DU PIN EST,98.00,12.10,18.80,27.80
AREA,LA BAUME D'HOSTUN,LES ABRETS,110.00,13.00,20.20,28.80
AREA,LA BAUME D'HOSTUN,MOIRANS,50.00,6.30,9.80,13.40
AREA,LA BAUME D'HOSTUN,RIVES,65.00,8.10,12.40,17.90
AREA,LA BAUME D'HOSTUN,RUMILLY,164.00,18.80,29.80,42.30
AREA,LA BAUME D'HOSTUN,SAINT GENIX SUR GUIERS,114.00,14.40,22.70,32.20
AREA,LA BAUME D'HOSTUN,SAINT MARCELLIN,13.00,1.60,2.40,3.80
AREA,LA BAUME D'HOSTUN,SEYNOD SUD,171.00,19.20,30.00,42.60
AREA,LA BAUME D'HOSTUN,ST MARTIN BELLEVUE A410,214.00,24.60,38.40,54.20
AREA,LA BAUME D'HOSTUN,ST QUENTIN FAL. BARRIERE,130.00,16.20,25.00,35.80
AREA,LA BAUME D'HOSTUN,ST QUENTIN FAL. BRETELLE,109.00,13.50,21.00,30.10
AREA,LA BAUME D'HOSTUN,TULLINS,37.00,4.70,7.60,11.30
AREA,LA BAUME D'HOSTUN,VILLEFONTAINE,105.00,13.00,20.20,29.10
AREA,LA BAUME D'HOSTUN,VINAY,24.00,2.80,4.90,6.90
AREA,LA BAUME D'HOSTUN,VOIRON,54.00,6.80,10.60,14.80
AREA,LA BAUME D'HOSTUN,VOREPPE BARRIERE,63.00,7.40,11.70,16.90
AREA,LA TOUR DU PIN,AIGUEBELETTE,32.00,4.00,6.50,8.90
AREA,LA TOUR DU PIN,AIX NORD,56.00,8.00,12.30,18.00
AREA,LA TOUR DU PIN,AIX SUD,49.00,6.90,10.90,15.30
AREA,LA TOUR DU PIN,ALLONZIER,94.00,11.90,18.70,27.10
AREA,LA TOUR DU PIN,ANNECY CENTRE,82.00,11.20,16.90,23.80
AREA,LA TOUR DU PIN,ANNECY NORD,87.00,11.60,17.60,25.20
AREA,LA TOUR DU PIN,BOURGOIN,9.00,1.20,2.00,3.10
AREA,LA TOUR DU PIN,CHAMBERY NORD,42.00,6.20,10.00,14.40
AREA,LA TOUR DU PIN,CHATUZANGE BARRIERE,111.00,15.40,23.10,32.40
AREA,LA TOUR DU PIN,ISLE D'ABEAU CENTRE,15.00,2.20,3.60,5.40
AREA,LA TOUR DU PIN,LA BAUME D'HOSTUN,95.00,11.90,18.20,27.10
AREA,LA TOUR DU PIN,LA TOUR DU PIN EST,3.00,0.40,0.60,0.90
AREA,LA TOUR DU PIN,LES ABRETS,15.00,1.80,3.00,4.60
AREA,LA TOUR DU PIN,MOIRANS NORD,45.00,6.10,9.40,12.90
AREA,LA TOUR DU PIN,RIVES,30.00,3.90,6.10,8.50
AREA,LA TOUR DU PIN,RUMILLY,69.00,9.70,14.40,20.80
AREA,LA TOUR DU PIN,SAINT GENIX SUR GUIERS,19.00,2.30,3.80,5.70
AREA,LA TOUR DU PIN,SAINT MARCELLIN,82.00,10.30,15.80,22.60
AREA,LA TOUR DU PIN,SEYNOD SUD,76.00,10.20,15.50,22.10
AREA,LA TOUR DU PIN,ST MARTIN BELLEVUE A410,119.00,15.80,24.40,34.60
AREA,LA TOUR DU PIN,ST QUENTIN FAL. BARRIERE,46.00,6.60,10.80,15.30
AREA,LA TOUR DU PIN,ST QUENTIN FAL. BRETELLE,25.00,3.80,6.10,8.80
AREA,LA TOUR DU PIN,TULLINS,58.00,7.30,10.90,15.50
AREA,LA TOUR DU PIN,VILLEFONTAINE,21.00,3.00,4.40,6.70
AREA,LA TOUR DU PIN,VINAY,72.00,9.00,13.60,19.40
AREA,LA TOUR DU PIN,VOIRON,41.00,5.60,8.00,11.50
AREA,LA TOUR DU PIN,VOREPPE BARRIERE,65.00,8.30,12.50,17.60
AREA,LA TOUR DU PIN EST,BOURGOIN,12.00,1.60,2.60,3.80
AREA,LA TOUR DU PIN EST,CHATUZANGE BARRIERE,119.00,15.80,23.60,33.30
AREA,LA TOUR DU PIN EST,ISLE D'ABEAU CENTRE,18.00,2.60,4.10,6.40
AREA,LA TOUR DU PIN EST,LA BAUME D'HOSTUN,98.00,12.10,18.80,27.80
AREA,LA TOUR DU PIN EST,LA TOUR DU PIN,3.00,0.40,0.60,0.90
AREA,LA TOUR DU PIN EST,MOIRANS NORD,48.00,6.50,9.80,13.50
AREA,LA TOUR DU PIN EST,RIVES,33.00,4.20,6.80,9.40
AREA,LA TOUR DU PIN EST,SAINT MARCELLIN,85.00,10.70,16.40,23.40
AREA,LA TOUR DU PIN EST,ST QUENTIN FAL. BARRIERE,49.00,6.90,11.00,16.00
AREA,LA TOUR DU PIN EST,ST QUENTIN FAL. BRETELLE,28.00,4.00,6.60,9.30
AREA,LA TOUR DU PIN EST,TULLINS,61.00,7.70,11.40,16.60
AREA,LA TOUR DU PIN EST,VILLEFONTAINE,24.00,3.30,5.00,7.40
AREA,LA TOUR DU PIN EST,VINAY,75.00,9.00,13.80,20.20
AREA,LA TOUR DU PIN EST,VOIRON,44.00,5.90,8.50,12.30
AREA,LA TOUR DU PIN EST,VOREPPE BARRIERE,68.00,8.60,13.00,18.30
AREA,LE CROZET,Système Ouvert,31.00,4.50,7.10,10.00
AREA,LE TOUVET,AITON,37.00,4.60,7.40,10.90
AREA,LE TOUVET,CHIGNIN BARRIERE,27.00,3.40,5.40,7.20
AREA,LE TOUVET,CHIGNIN LES MARCHES,20.00,2.40,3.60,5.10
AREA,LE TOUVET,CROLLES BARRIERE,24.00,2.30,4.00,5.90
AREA,LE TOUVET,CROLLES BRIGNOUD,10.00,1.80,2.70,3.20
AREA,LE TOUVET,MONTMELIAN,19.00,2.40,3.70,5.40
AREA,LE TOUVET,PONTCHARRA,10.00,1.20,1.90,2.60
AREA,LE TOUVET,SAINT PIERRE D'ALBIGNY,30.00,3.80,5.80,8.30
AREA,LE TOUVET,STE HELENE BARRIERE,50.00,6.70,9.90,14.10
AREA,LES ABRETS,AIGUEBELETTE,17.00,2.10,3.60,4.90
AREA,LES ABRETS,AIX NORD,41.00,6.30,9.50,13.60
AREA,LES ABRETS,AIX SUD,34.00,5.40,7.80,11.50
AREA,LES ABRETS,ALLONZIER,79.00,10.90,16.80,23.40
AREA,LES ABRETS,ANNECY CENTRE,67.00,10.10,15.10,21.00
AREA,LES ABRETS,ANNECY NORD,72.00,10.50,15.80,21.60
AREA,LES ABRETS,BOURGOIN,24.00,3.30,5.10,6.90
AREA,LES ABRETS,CHAMBERY NORD,27.00,4.50,6.70,9.80
AREA,LES ABRETS,CHATUZANGE BARRIERE,126.00,16.70,25.20,35.70
AREA,LES ABRETS,ISLE D'ABEAU CENTRE,30.00,4.10,6.30,9.10
AREA,LES ABRETS,LA BAUME D'HOSTUN,110.00,13.00,20.20,28.80
AREA,LES ABRETS,LA TOUR DU PIN,15.00,1.80,3.00,4.60
AREA,LES ABRETS,MOIRANS NORD,60.00,7.40,11.40,16.40
AREA,LES ABRETS,RIVES,45.00,5.70,8.50,12.30
AREA,LES ABRETS,RUMILLY,54.00,8.00,11.60,17.30
AREA,LES ABRETS,SAINT GENIX SUR GUIERS,4.00,0.50,0.80,1.00
AREA,LES ABRETS,SAINT MARCELLIN,97.00,11.30,17.70,25.40
AREA,LES ABRETS,SEYNOD SUD,61.00,9.10,13.30,19.20
AREA,LES ABRETS,ST MARTIN BELLEVUE A410,104.00,14.80,21.60,31.80
AREA,LES ABRETS,ST QUENTIN FAL. BARRIERE,61.00,8.50,13.20,19.90
AREA,LES ABRETS,ST QUENTIN FAL. BRETELLE,40.00,5.70,8.10,12.40
AREA,LES ABRETS,TULLINS,73.00,8.90,13.00,19.20
AREA,LES ABRETS,VILLEFONTAINE,36.00,4.90,7.10,10.80
AREA,LES ABRETS,VINAY,87.00,10.00,15.40,21.50
AREA,LES ABRETS,VOIRON,56.00,6.50,10.00,14.50
AREA,LES ABRETS,VOREPPE BARRIERE,80.00,9.60,15.00,21.00
AREA,MOIRANS,CHATUZANGE BARRIERE,71.00,9.90,14.70,20.20
AREA,MOIRANS,LA BAUME D'HOSTUN,50.00,6.30,9.80,13.40
AREA,MOIRANS,SAINT MARCELLIN,37.00,4.40,7.20,9.80
AREA,MOIRANS,TULLINS,13.00,1.40,2.20,3.60
AREA,MOIRANS,VINAY,27.00,3.20,5.00,7.10
AREA,MOIRANS,VOREPPE BARRIERE,19.00,1.90,2.60,4.50
AREA,MOIRANS NORD,AIGUEBELETTE,77.00,9.10,13.30,19.40
AREA,MOIRANS NORD,AIX NORD,101.00,11.50,18.20,27.00
AREA,MOIRANS NORD,AIX SUD,94.00,11.40,17.30,24.90
AREA,MOIRANS NORD,ALLONZIER,139.00,15.60,24.40,34.50
AREA,MOIRANS NORD,ANNECY CENTRE,127.00,15.00,23.10,33.10
AREA,MOIRANS NORD,ANNECY NORD,132.00,15.00,23.50,33.70
AREA,MOIRANS NORD,BOURGOIN,43.00,5.00,7.90,11.70
AREA,MOIRANS NORD,CHAMBERY NORD,87.00,11.00,16.60,24.00
AREA,MOIRANS NORD,ISLE D'ABEAU CENTRE,49.00,7.00,10.60,14.90
AREA,MOIRANS NORD,LA TOUR DU PIN,45.00,6.10,9.40,12.90
AREA,MOIRANS NORD,LA TOUR DU PIN EST,48.00,6.50,9.80,13.50
AREA,MOIRANS NORD,LES ABRETS,60.00,7.40,11.40,16.40
AREA,MOIRANS NORD,RIVES,15.00,1.80,2.90,4.50
AREA,MOIRANS NORD,RUMILLY,114.00,13.00,20.60,29.20
AREA,MOIRANS NORD,SAINT GENIX SUR GUIERS,64.00,8.00,12.60,18.80
AREA,MOIRANS NORD,SEYNOD SUD,121.00,13.60,21.10,30.60
AREA,MOIRANS NORD,ST MARTIN BELLEVUE A410,164.00,19.00,29.00,42.20
AREA,MOIRANS NORD,ST QUENTIN FAL. BARRIERE,80.00,11.40,18.10,25.60
AREA,MOIRANS NORD,ST QUENTIN FAL. BRETELLE,59.00,8.60,13.20,19.40
AREA,MOIRANS NORD,VILLEFONTAINE,55.00,7.50,10.70,16.60
AREA,MOIRANS NORD,VOIRON,4.00,0.40,0.70,1.10
AREA,MONTMELIAN,AITON,18.00,2.20,3.30,4.70
AREA,MONTMELIAN,CHIGNIN BARRIERE,15.00,1.90,2.90,4.70
AREA,MONTMELIAN,CHIGNIN LES MARCHES,8.00,0.90,1.40,1.90
AREA,MONTMELIAN,CROLLES BARRIERE,43.00,6.10,8.50,12.30
AREA,MONTMELIAN,CROLLES BRIGNOUD,29.00,5.10,7.10,8.10
AREA,MONTMELIAN,LE TOUVET,19.00,2.40,3.70,5.40
AREA,MONTMELIAN,PONTCHARRA,9.00,1.20,1.90,2.60
AREA,MONTMELIAN,SAINT PIERRE D'ALBIGNY,11.00,1.40,2.00,2.50
AREA,MONTMELIAN,STE HELENE BARRIERE,31.00,3.70,6.10,7.70
AREA,PONTCHARRA,AITON,28.00,4.10,6.20,8.60
AREA,PONTCHARRA,CHIGNIN BARRIERE,17.00,2.10,3.30,4.90
AREA,PONTCHARRA,CHIGNIN LES MARCHES,10.00,1.30,1.80,2.60
AREA,PONTCHARRA,CROLLES BARRIERE,34.00,3.80,6.00,8.40
AREA,PONTCHARRA,CROLLES BRIGNOUD,20.00,3.20,4.80,5.70
AREA,PONTCHARRA,LE TOUVET,10.00,1.20,1.90,2.60
AREA,PONTCHARRA,MONTMELIAN,9.00,1.20,1.90,2.60
AREA,PONTCHARRA,SAINT PIERRE D'ALBIGNY,21.00,2.70,4.10,6.10
AREA,PONTCHARRA,STE HELENE BARRIERE,41.00,6.20,8.40,12.10
AREA,RIVES,AIGUEBELETTE,62.00,7.30,11.00,15.40
AREA,RIVES,AIX NORD,86.00,10.20,16.50,22.80
AREA,RIVES,AIX SUD,79.00,9.80,14.80,21.20
AREA,RIVES,ALLONZIER,124.00,14.30,21.90,31.10
AREA,RIVES,ANNECY CENTRE,112.00,13.50,20.60,29.30
AREA,RIVES,ANNECY NORD,117.00,13.60,20.90,29.30
AREA,RIVES,BOURGOIN,28.00,3.20,5.40,7.50
AREA,RIVES,CHAMBERY NORD,72.00,9.20,14.10,20.70
AREA,RIVES,CHATUZANGE BARRIERE,81.00,11.70,17.60,24.70
AREA,RIVES,ISLE D'ABEAU CENTRE,34.00,5.10,7.00,10.70
AREA,RIVES,LA BAUME D'HOSTUN,65.00,8.10,12.40,17.90
AREA,RIVES,LA TOUR DU PIN,30.00,3.90,6.10,8.50
AREA,RIVES,LA TOUR DU PIN EST,33.00,4.20,6.80,9.40
AREA,RIVES,LES ABRETS,45.00,5.70,8.50,12.30
AREA,RIVES,MOIRANS NORD,15.00,1.80,2.90,4.50
AREA,RIVES,RUMILLY,99.00,11.40,17.70,25.50
AREA,RIVES,SAINT GENIX SUR GUIERS,49.00,6.40,9.80,14.50
AREA,RIVES,SAINT MARCELLIN,52.00,6.60,9.80,14.20
AREA,RIVES,SEYNOD SUD,106.00,12.00,18.70,27.00
AREA,RIVES,ST MARTIN BELLEVUE A410,149.00,17.90,27.40,39.00
AREA,RIVES,ST QUENTIN FAL. BARRIERE,65.00,9.30,14.40,20.70
AREA,RIVES,ST QUENTIN FAL. BRETELLE,44.00,6.40,9.20,13.40
AREA,RIVES,TULLINS,28.00,3.60,5.60,7.80
AREA,RIVES,VILLEFONTAINE,40.00,5.60,7.90,11.80
AREA,RIVES,VINAY,42.00,5.40,7.80,11.30
AREA,RIVES,VOIRON,11.00,1.20,2.00,3.70
AREA,RIVES,VOREPPE BARRIERE,35.00,3.90,5.70,8.20
AREA,RUMILLY,AIGUEBELETTE,37.00,5.60,8.00,11.60
AREA,RUMILLY,AIX NORD,13.00,1.70,2.40,3.90
AREA,RUMILLY,AIX SUD,20.00,2.40,3.80,5.20
AREA,RUMILLY,ALLONZIER,25.00,3.20,4.80,7.20
AREA,RUMILLY,ANNECY CENTRE,13.00,1.70,2.50,4.40
AREA,RUMILLY,ANNECY NORD,18.00,2.30,3.50,5.10
AREA,RUMILLY,BOURGOIN,78.00,10.90,16.60,23.30
AREA,RUMILLY,CHAMBERY NORD,27.00,3.60,5.70,7.80
AREA,RUMILLY,CHATUZANGE BARRIERE,180.00,22.40,34.80,48.10
AREA,RUMILLY,ISLE D'ABEAU CENTRE,84.00,11.00,16.90,24.40
AREA,RUMILLY,LA BAUME D'HOSTUN,164.00,18.80,29.80,42.30
AREA,RUMILLY,LA TOUR DU PIN,69.00,9.70,14.40,20.80
AREA,RUMILLY,LES ABRETS,54.00,8.00,11.60,17.30
AREA,RUMILLY,MOIRANS NORD,114.00,13.00,20.60,29.20
AREA,RUMILLY,RIVES,99.00,11.40,17.70,25.50
AREA,RUMILLY,SAINT GENIX SUR GUIERS,50.00,7.00,10.70,15.20
AREA,RUMILLY,SAINT MARCELLIN,151.00,17.20,26.80,38.20
AREA,RUMILLY,SEYNOD SUD,7.00,0.90,1.30,1.80
AREA,RUMILLY,ST MARTIN BELLEVUE A410,50.00,6.40,9.90,14.20
AREA,RUMILLY,ST QUENTIN FAL. BARRIERE,115.00,15.30,23.80,35.30
AREA,RUMILLY,ST QUENTIN FAL. BRETELLE,94.00,12.10,18.90,27.90
AREA,RUMILLY,TULLINS,127.00,14.50,22.20,31.80
AREA,RUMILLY,VILLEFONTAINE,90.00,11.60,17.70,25.40
AREA,RUMILLY,VINAY,141.00,16.20,24.80,35.10
AREA,RUMILLY,VOIRON,110.00,12.30,19.40,27.50
AREA,RUMILLY,VOREPPE BARRIERE,134.00,15.40,23.80,33.50
AREA,SAINT EXUPERY,Système Ouvert,19.00,2.30,3.60,5.70
AREA,SAINT GENIX SUR GUIERS,AIGUEBELETTE,13.00,1.60,2.50,4.20
AREA,SAINT GENIX SUR GUIERS,AIX NORD,37.00,5.80,7.90,11.90
AREA,SAINT GENIX SUR GUIERS,AIX SUD,30.00,4.80,6.80,10.50
AREA,SAINT GENIX SUR GUIERS,ALLONZIER,75.00,10.50,15.40,21.30
AREA,SAINT GENIX SUR GUIERS,ANNECY CENTRE,63.00,9.10,13.30,18.90
AREA,SAINT GENIX SUR GUIERS,ANNECY NORD,68.00,9.70,14.40,20.60
AREA,SAINT GENIX SUR GUIERS,BOURGOIN,28.00,3.80,6.00,7.80
AREA,SAINT GENIX SUR GUIERS,CHAMBERY NORD,23.00,3.80,5.80,8.80
AREA,SAINT GENIX SUR GUIERS,CHATUZANGE BARRIERE,135.00,17.70,27.00,38.00
AREA,SAINT GENIX SUR GUIERS,ISLE D'ABEAU CENTRE,34.00,4.50,7.00,10.00
AREA,SAINT GENIX SUR GUIERS,LA BAUME D'HOSTUN,114.00,14.40,22.70,32.20
AREA,SAINT GENIX SUR GUIERS,LA TOUR DU PIN,19.00,2.30,3.80,5.70
AREA,SAINT GENIX SUR GUIERS,LES ABRETS,4.00,0.50,0.80,1.00
AREA,SAINT GENIX SUR GUIERS,MOIRANS NORD,64.00,8.00,12.60,18.80
AREA,SAINT GENIX SUR GUIERS,RIVES,49.00,6.40,9.80,14.50
AREA,SAINT GENIX SUR GUIERS,RUMILLY,50.00,7.00,10.70,15.20
AREA,SAINT GENIX SUR GUIERS,SAINT MARCELLIN,101.00,12.60,19.60,28.40
AREA,SAINT GENIX SUR GUIERS,SEYNOD SUD,57.00,7.50,11.80,17.10
AREA,SAINT GENIX SUR GUIERS,ST MARTIN BELLEVUE A410,100.00,14.00,20.90,29.90
AREA,SAINT GENIX SUR GUIERS,ST QUENTIN FAL. BARRIERE,65.00,9.20,13.70,20.40
AREA,SAINT GENIX SUR GUIERS,ST QUENTIN FAL. BRETELLE,44.00,6.20,9.10,12.90
AREA,SAINT GENIX SUR GUIERS,TULLINS,77.00,9.70,15.20,21.70
AREA,SAINT GENIX SUR GUIERS,VILLEFONTAINE,40.00,5.70,8.00,11.50
AREA,SAINT GENIX SUR GUIERS,VINAY,91.00,11.30,18.00,25.70
AREA,SAINT GENIX SUR GUIERS,VOIRON,60.00,7.50,11.70,17.40
AREA,SAINT GENIX SUR GUIERS,VOREPPE BARRIERE,84.00,10.40,16.30,23.20
AREA,SAINT MARCELLIN,AIGUEBELETTE,114.00,12.80,20.10,29.00
AREA,SAINT MARCELLIN,AIX NORD,138.00,15.80,25.40,36.10
AREA,SAINT MARCELLIN,AIX SUD,131.00,15.20,24.50,34.40
AREA,SAINT MARCELLIN,ALLONZIER,176.00,20.00,30.70,43.70
AREA,SAINT MARCELLIN,ANNECY CENTRE,164.00,18.80,29.50,41.40
AREA,SAINT MARCELLIN,ANNECY NORD,169.00,18.90,30.30,42.20
AREA,SAINT MARCELLIN,BOURGOIN,80.00,10.00,15.50,22.10
AREA,SAINT MARCELLIN,CHAMBERY NORD,124.00,15.30,22.80,33.50
AREA,SAINT MARCELLIN,CHATUZANGE BARRIERE,29.00,4.20,6.60,9.40
AREA,SAINT MARCELLIN,ISLE D'ABEAU CENTRE,86.00,10.80,16.70,23.80
AREA,SAINT MARCELLIN,LA BAUME D'HOSTUN,13.00,1.60,2.40,3.80
AREA,SAINT MARCELLIN,LA TOUR DU PIN,82.00,10.30,15.80,22.60
AREA,SAINT MARCELLIN,LA TOUR DU PIN EST,85.00,10.70,16.40,23.40
AREA,SAINT MARCELLIN,LES ABRETS,97.00,11.30,17.70,25.40
AREA,SAINT MARCELLIN,MOIRANS,37.00,4.40,7.20,9.80
AREA,SAINT MARCELLIN,RIVES,52.00,6.60,9.80,14.20
AREA,SAINT MARCELLIN,RUMILLY,151.00,17.20,26.80,38.20
AREA,SAINT MARCELLIN,SAINT GENIX SUR GUIERS,101.00,12.60,19.60,28.40
AREA,SAINT MARCELLIN,SEYNOD SUD,158.00,17.80,27.30,39.30
AREA,SAINT MARCELLIN,ST MARTIN BELLEVUE A410,201.00,23.10,35.30,50.50
AREA,SAINT MARCELLIN,ST QUENTIN FAL. BARRIERE,117.00,14.90,22.50,32.20
AREA,SAINT MARCELLIN,ST QUENTIN FAL. BRETELLE,96.00,11.90,18.50,26.50
AREA,SAINT MARCELLIN,TULLINS,24.00,3.00,4.70,7.20
AREA,SAINT MARCELLIN,VILLEFONTAINE,92.00,11.50,17.80,25.30
AREA,SAINT MARCELLIN,VINAY,11.00,1.30,2.10,3.10
AREA,SAINT MARCELLIN,VOIRON,41.00,5.50,8.00,11.50
AREA,SAINT MARCELLIN,VOREPPE BARRIERE,50.00,6.20,8.90,12.90
AREA,SAINT PIERRE D'ALBIGNY,CHIGNIN BARRIERE,24.00,3.10,4.60,7.40
AREA,SAINT PIERRE D'ALBIGNY,CHIGNIN LES MARCHES,18.00,2.10,3.20,4.90
AREA,SAINT PIERRE D'ALBIGNY,CROLLES BARRIERE,54.00,6.80,10.40,14.80
AREA,SAINT PIERRE D'ALBIGNY,CROLLES BRIGNOUD,41.00,6.10,9.00,10.30
AREA,SAINT PIERRE D'ALBIGNY,LE TOUVET,30.00,3.80,5.80,8.30
AREA,SAINT PIERRE D'ALBIGNY,MONTMELIAN,11.00,1.40,2.00,2.50
AREA,SAINT PIERRE D'ALBIGNY,PONTCHARRA,21.00,2.70,4.10,6.10
AREA,SEYNOD SUD,AIGUEBELETTE,44.00,6.20,9.60,13.40
AREA,SEYNOD SUD,AIX NORD,20.00,2.50,3.70,5.60
AREA,SEYNOD SUD,AIX SUD,27.00,3.30,4.90,6.90
AREA,SEYNOD SUD,ALLONZIER,18.00,2.20,3.50,4.80
AREA,SEYNOD SUD,ANNECY CENTRE,6.00,0.80,1.20,1.60
AREA,SEYNOD SUD,ANNECY NORD,11.00,1.40,2.10,3.20
AREA,SEYNOD SUD,BOURGOIN,85.00,11.20,17.20,24.50
AREA,SEYNOD SUD,CHAMBERY NORD,34.00,4.50,6.90,9.90
AREA,SEYNOD SUD,CHATUZANGE BARRIERE,192.00,23.00,35.10,48.90
AREA,SEYNOD SUD,ISLE D'ABEAU CENTRE,91.00,11.80,18.10,26.10
AREA,SEYNOD SUD,LA BAUME D'HOSTUN,171.00,19.20,30.00,42.60
AREA,SEYNOD SUD,LA TOUR DU PIN,76.00,10.20,15.50,22.10
AREA,SEYNOD SUD,LES ABRETS,61.00,9.10,13.30,19.20
AREA,SEYNOD SUD,MOIRANS NORD,121.00,13.60,21.10,30.60
AREA,SEYNOD SUD,RIVES,106.00,12.00,18.70,27.00
AREA,SEYNOD SUD,RUMILLY,7.00,0.90,1.30,1.80
AREA,SEYNOD SUD,SAINT GENIX SUR GUIERS,57.00,7.50,11.80,17.10
AREA,SEYNOD SUD,SAINT MARCELLIN,158.00,17.80,27.30,39.30
AREA,SEYNOD SUD,ST MARTIN BELLEVUE A410,43.00,5.40,8.40,12.20
AREA,SEYNOD SUD,ST QUENTIN FAL. BARRIERE,122.00,16.40,25.00,36.50
AREA,SEYNOD SUD,ST QUENTIN FAL. BRETELLE,101.00,13.00,20.10,29.70
AREA,SEYNOD SUD,TULLINS,134.00,15.50,23.30,33.30
AREA,SEYNOD SUD,VILLEFONTAINE,97.00,12.40,18.70,27.20
AREA,SEYNOD SUD,VINAY,148.00,16.50,25.40,36.20
AREA,SEYNOD SUD,VOIRON,117.00,12.90,19.90,28.90
AREA,SEYNOD SUD,VOREPPE BARRIERE,141.00,16.20,24.30,35.00
AREA,ST MARTIN BELLEVUE A410,AIGUEBELETTE,87.00,11.70,17.80,25.10
AREA,ST MARTIN BELLEVUE A410,AIX NORD,63.00,7.70,11.40,16.60
AREA,ST MARTIN BELLEVUE A410,AIX SUD,70.00,8.40,12.90,18.10
AREA,ST MARTIN BELLEVUE A410,ANNECY CENTRE,37.00,5.10,7.80,11.80
AREA,ST MARTIN BELLEVUE A410,ANNECY NORD,32.00,4.90,7.10,10.80
AREA,ST MARTIN BELLEVUE A410,BOURGOIN,128.00,16.70,25.20,35.30
AREA,ST MARTIN BELLEVUE A410,CHAMBERY NORD,77.00,10.70,16.40,22.90
AREA,ST MARTIN BELLEVUE A410,CHATUZANGE BARRIERE,230.00,30.00,44.80,61.20
AREA,ST MARTIN BELLEVUE A410,ISLE D'ABEAU CENTRE,134.00,17.50,27.30,39.00
AREA,ST MARTIN BELLEVUE A410,LA BAUME D'HOSTUN,214.00,24.60,38.40,54.20
AREA,ST MARTIN BELLEVUE A410,LA TOUR DU PIN,119.00,15.80,24.40,34.60
AREA,ST MARTIN BELLEVUE A410,LES ABRETS,104.00,14.80,21.60,31.80
AREA,ST MARTIN BELLEVUE A410,MOIRANS NORD,164.00,19.00,29.00,42.20
AREA,ST MARTIN BELLEVUE A410,RIVES,149.00,17.90,27.40,39.00
AREA,ST MARTIN BELLEVUE A410,RUMILLY,50.00,6.40,9.90,14.20
AREA,ST MARTIN BELLEVUE A410,SAINT GENIX SUR GUIERS,100.00,14.00,20.90,29.90
AREA,ST MARTIN BELLEVUE A410,SAINT MARCELLIN,201.00,23.10,35.30,50.50
AREA,ST MARTIN BELLEVUE A410,SEYNOD SUD,43.00,5.40,8.40,12.20
AREA,ST MARTIN BELLEVUE A410,ST QUENTIN FAL. BARRIERE,165.00,22.50,34.90,50.20
AREA,ST MARTIN BELLEVUE A410,ST QUENTIN FAL. BRETELLE,144.00,19.40,29.70,43.50
AREA,ST MARTIN BELLEVUE A410,TULLINS,177.00,20.10,30.50,43.50
AREA,ST MARTIN BELLEVUE A410,VILLEFONTAINE,140.00,18.20,27.90,40.10
AREA,ST MARTIN BELLEVUE A410,VINAY,191.00,21.10,32.70,46.70
AREA,ST MARTIN BELLEVUE A410,VOIRON,160.00,18.50,28.00,39.90
AREA,ST MARTIN BELLEVUE A410,VOREPPE BARRIERE,184.00,21.80,32.80,46.50
AREA,ST QUENTIN FAL. BARRIERE,AIGUEBELETTE,78.00,11.00,16.30,23.10
AREA,ST QUENTIN FAL. BARRIERE,AIX NORD,102.00,14.40,22.10,32.80
AREA,ST QUENTIN FAL. BARRIERE,AIX SUD,95.00,14.10,21.30,31.80
AREA,ST QUENTIN FAL. BARRIERE,ALLONZIER,140.00,18.60,28.70,41.30
AREA,ST QUENTIN FAL. BARRIERE,ANNECY CENTRE,128.00,17.70,27.30,39.70
AREA,ST QUENTIN FAL. BARRIERE,ANNECY NORD,133.00,18.40,27.70,40.60
AREA,ST QUENTIN FAL. BARRIERE,BOURGOIN,37.00,4.60,7.00,9.40
AREA,ST QUENTIN FAL. BARRIERE,CHAMBERY NORD,88.00,13.40,21.20,31.40
AREA,ST QUENTIN FAL. BARRIERE,CHATUZANGE BARRIERE,146.00,19.00,28.90,41.00
AREA,ST QUENTIN FAL. BARRIERE,ISLE D'ABEAU CENTRE,31.00,3.70,6.00,8.40
AREA,ST QUENTIN FAL. BARRIERE,LA BAUME D'HOSTUN,130.00,16.20,25.00,35.80
AREA,ST QUENTIN FAL. BARRIERE,LA TOUR DU PIN,46.00,6.60,10.80,15.30
AREA,ST QUENTIN FAL. BARRIERE,LA TOUR DU PIN EST,49.00,6.90,11.00,16.00
AREA,ST QUENTIN FAL. BARRIERE,LES ABRETS,61.00,8.50,13.20,19.90
AREA,ST QUENTIN FAL. BARRIERE,MOIRANS NORD,80.00,11.40,18.10,25.60
AREA,ST QUENTIN FAL. BARRIERE,RIVES,65.00,9.30,14.40,20.70
AREA,ST QUENTIN FAL. BARRIERE,RUMILLY,115.00,15.30,23.80,35.30
AREA,ST QUENTIN FAL. BARRIERE,SAINT GENIX SUR GUIERS,65.00,9.20,13.70,20.40
AREA,ST QUENTIN FAL. BARRIERE,SAINT MARCELLIN,117.00,14.90,22.50,32.20
AREA,ST QUENTIN FAL. BARRIERE,SEYNOD SUD,122.00,16.40,25.00,36.50
AREA,ST QUENTIN FAL. BARRIERE,ST MARTIN BELLEVUE A410,165.00,22.50,34.90,50.20
AREA,ST QUENTIN FAL. BARRIERE,TULLINS,93.00,11.80,18.00,25.70
AREA,ST QUENTIN FAL. BARRIERE,VILLEFONTAINE,25.00,3.00,4.70,6.50
AREA,ST QUENTIN FAL. BARRIERE,VINAY,107.00,13.60,20.50,29.50
AREA,ST QUENTIN FAL. BARRIERE,VOIRON,76.00,10.90,16.10,22.90
AREA,ST QUENTIN FAL. BARRIERE,VOREPPE BARRIERE,100.00,13.70,21.70,30.30
AREA,ST QUENTIN FAL. BRETELLE,AIGUEBELETTE,57.00,7.40,11.40,16.70
AREA,ST QUENTIN FAL. BRETELLE,AIX NORD,81.00,10.90,17.00,25.10
AREA,ST QUENTIN FAL. BRETELLE,AIX SUD,74.00,10.50,16.50,23.90
AREA,ST QUENTIN FAL. BRETELLE,ALLONZIER,119.00,15.70,24.00,35.50
AREA,ST QUENTIN FAL. BRETELLE,ANNECY CENTRE,107.00,14.10,22.10,32.50
AREA,ST QUENTIN FAL. BRETELLE,ANNECY NORD,112.00,14.80,23.00,33.50
AREA,ST QUENTIN FAL. BRETELLE,BOURGOIN,16.00,1.80,3.20,4.90
AREA,ST QUENTIN FAL. BRETELLE,CHAMBERY NORD,67.00,10.40,16.30,23.80
AREA,ST QUENTIN FAL. BRETELLE,CHATUZANGE BARRIERE,125.00,16.70,25.30,36.70
AREA,ST QUENTIN FAL. BRETELLE,ISLE D'ABEAU CENTRE,10.00,1.10,1.80,3.40
AREA,ST QUENTIN FAL. BRETELLE,LA BAUME D'HOSTUN,109.00,13.50,21.00,30.10
AREA,ST QUENTIN FAL. BRETELLE,LA TOUR DU PIN,25.00,3.80,6.10,8.80
AREA,ST QUENTIN FAL. BRETELLE,LA TOUR DU PIN EST,28.00,4.00,6.60,9.30
AREA,ST QUENTIN FAL. BRETELLE,LES ABRETS,40.00,5.70,8.10,12.40
AREA,ST QUENTIN FAL. BRETELLE,MOIRANS NORD,59.00,8.60,13.20,19.40
AREA,ST QUENTIN FAL. BRETELLE,RIVES,44.00,6.40,9.20,13.40
AREA,ST QUENTIN FAL. BRETELLE,RUMILLY,94.00,12.10,18.90,27.90
AREA,ST QUENTIN FAL. BRETELLE,SAINT GENIX SUR GUIERS,44.00,6.20,9.10,12.90
AREA,ST QUENTIN FAL. BRETELLE,SAINT MARCELLIN,96.00,11.90,18.50,26.50
AREA,ST QUENTIN FAL. BRETELLE,SEYNOD SUD,101.00,13.00,20.10,29.70
AREA,ST QUENTIN FAL. BRETELLE,ST MARTIN BELLEVUE A410,144.00,19.40,29.70,43.50
AREA,ST QUENTIN FAL. BRETELLE,TULLINS,72.00,9.00,14.00,20.20
AREA,ST QUENTIN FAL. BRETELLE,VILLEFONTAINE,4.00,0.50,0.70,1.10
AREA,ST QUENTIN FAL. BRETELLE,VINAY,86.00,10.50,16.70,23.80
AREA,ST QUENTIN FAL. BRETELLE,VOIRON,55.00,7.20,11.00,15.80
AREA,ST QUENTIN FAL. BRETELLE,VOREPPE BARRIERE,79.00,11.00,17.00,24.50
AREA,STE HELENE BARRIERE,AITON,17.00,2.00,3.20,5.10
AREA,STE HELENE BARRIERE,CHIGNIN BARRIERE,44.00,6.10,10.10,14.00
AREA,STE HELENE BARRIERE,CHIGNIN LES MARCHES,38.00,4.40,7.20,10.00
AREA,STE HELENE BARRIERE,CROLLES BARRIERE,74.00,10.50,15.30,21.70
AREA,STE HELENE BARRIERE,CROLLES BRIGNOUD,61.00,9.60,13.50,17.10
AREA,STE HELENE BARRIERE,LE TOUVET,50.00,6.70,9.90,14.10
AREA,STE HELENE BARRIERE,MONTMELIAN,31.00,3.70,6.10,7.70
AREA,STE HELENE BARRIERE,PONTCHARRA,41.00,6.20,8.40,12.10
AREA,TULLINS,AIGUEBELETTE,90.00,10.40,15.50,22.30
AREA,TULLINS,AIX NORD,114.00,12.90,20.20,28.60
AREA,TULLINS,AIX SUD,107.00,12.60,19.50,28.00
AREA,TULLINS,ALLONZIER,152.00,17.20,26.10,37.30
AREA,TULLINS,ANNECY CENTRE,140.00,16.30,24.60,35.30
AREA,TULLINS,ANNECY NORD,145.00,16.60,25.60,35.90
AREA,TULLINS,BOURGOIN,56.00,7.10,10.80,15.20
AREA,TULLINS,CHAMBERY NORD,100.00,12.20,18.40,26.80
AREA,TULLINS,CHATUZANGE BARRIERE,53.00,7.50,11.40,16.50
AREA,TULLINS,ISLE D'ABEAU CENTRE,62.00,7.80,11.90,17.70
AREA,TULLINS,LA BAUME D'HOSTUN,37.00,4.70,7.60,11.30
AREA,TULLINS,LA TOUR DU PIN,58.00,7.30,10.90,15.50
AREA,TULLINS,LA TOUR DU PIN EST,61.00,7.70,11.40,16.60
AREA,TULLINS,LES ABRETS,73.00,8.90,13.00,19.20
AREA,TULLINS,MOIRANS,13.00,1.40,2.20,3.60
AREA,TULLINS,RIVES,28.00,3.60,5.60,7.80
AREA,TULLINS,RUMILLY,127.00,14.50,22.20,31.80
AREA,TULLINS,SAINT GENIX SUR GUIERS,77.00,9.70,15.20,21.70
AREA,TULLINS,SAINT MARCELLIN,24.00,3.00,4.70,7.20
AREA,TULLINS,SEYNOD SUD,134.00,15.50,23.30,33.30
AREA,TULLINS,ST MARTIN BELLEVUE A410,177.00,20.10,30.50,43.50
AREA,TULLINS,ST QUENTIN FAL. BARRIERE,93.00,11.80,18.00,25.70
AREA,TULLINS,ST QUENTIN FAL. BRETELLE,72.00,9.00,14.00,20.20
AREA,TULLINS,VILLEFONTAINE,68.00,8.50,13.10,19.30
AREA,TULLINS,VINAY,14.00,1.80,2.50,4.20
AREA,TULLINS,VOIRON,17.00,2.20,3.40,4.80
AREA,TULLINS,VOREPPE BARRIERE,26.00,2.70,4.00,6.00
AREA,VILLEFONTAINE,AIGUEBELETTE,53.00,6.90,10.50,15.20
AREA,VILLEFONTAINE,AIX NORD,77.00,10.40,15.30,23.00
AREA,VILLEFONTAINE,AIX SUD,70.00,9.80,14.70,21.60
AREA,VILLEFONTAINE,ALLONZIER,115.00,14.90,22.80,33.00
AREA,VILLEFONTAINE,ANNECY CENTRE,103.00,13.50,20.10,29.00
AREA,VILLEFONTAINE,ANNECY NORD,108.00,14.10,21.10,31.40
AREA,VILLEFONTAINE,BOURGOIN,12.00,1.40,2.30,3.60
AREA,VILLEFONTAINE,CHAMBERY NORD,63.00,9.70,14.20,20.70
AREA,VILLEFONTAINE,CHATUZANGE BARRIERE,121.00,15.70,24.30,35.30
AREA,VILLEFONTAINE,ISLE D'ABEAU CENTRE,6.00,0.70,1.00,1.50
AREA,VILLEFONTAINE,LA BAUME D'HOSTUN,105.00,13.00,20.20,29.10
AREA,VILLEFONTAINE,LA TOUR DU PIN,21.00,3.00,4.40,6.70
AREA,VILLEFONTAINE,LA TOUR DU PIN EST,24.00,3.30,5.00,7.40
AREA,VILLEFONTAINE,LES ABRETS,36.00,4.90,7.10,10.80
AREA,VILLEFONTAINE,MOIRANS NORD,55.00,7.50,10.70,16.60
AREA,VILLEFONTAINE,RIVES,40.00,5.60,7.90,11.80
AREA,VILLEFONTAINE,RUMILLY,90.00,11.60,17.70,25.40
AREA,VILLEFONTAINE,SAINT GENIX SUR GUIERS,40.00,5.70,8.00,11.50
AREA,VILLEFONTAINE,SAINT MARCELLIN,92.00,11.50,17.80,25.30
AREA,VILLEFONTAINE,SEYNOD SUD,97.00,12.40,18.70,27.20
AREA,VILLEFONTAINE,ST MARTIN BELLEVUE A410,140.00,18.20,27.90,40.10
AREA,VILLEFONTAINE,ST QUENTIN FAL. BARRIERE,25.00,3.00,4.70,6.50
AREA,VILLEFONTAINE,ST QUENTIN FAL. BRETELLE,4.00,0.50,0.70,1.10
AREA,VILLEFONTAINE,TULLINS,68.00,8.50,13.10,19.30
AREA,VILLEFONTAINE,VINAY,82.00,10.20,15.80,22.40
AREA,VILLEFONTAINE,VOIRON,51.00,6.60,10.00,14.70
AREA,VILLEFONTAINE,VOREPPE BARRIERE,75.00,9.70,14.80,21.00
AREA,VINAY,AIGUEBELETTE,104.00,11.90,18.00,26.10
AREA,VINAY,AIX NORD,128.00,14.60,23.00,32.30
AREA,VINAY,AIX SUD,121.00,14.10,22.10,31.40
AREA,VINAY,ALLONZIER,166.00,18.60,28.60,40.80
AREA,VINAY,ANNECY CENTRE,154.00,17.30,27.10,38.50
AREA,VINAY,ANNECY NORD,159.00,18.00,28.10,39.30
AREA,VINAY,BOURGOIN,70.00,8.80,13.40,19.00
AREA,VINAY,CHAMBERY NORD,114.00,13.80,20.70,30.40
AREA,VINAY,CHATUZANGE BARRIERE,39.00,5.50,8.40,12.20
AREA,VINAY,ISLE D'ABEAU CENTRE,76.00,9.60,14.50,21.00
AREA,VINAY,LA BAUME D'HOSTUN,24.00,2.80,4.90,6.90
AREA,VINAY,LA TOUR DU PIN,72.00,9.00,13.60,19.40
AREA,VINAY,LA TOUR DU PIN EST,75.00,9.00,13.80,20.20
AREA,VINAY,LES ABRETS,87.00,10.00,15.40,21.50
AREA,VINAY,MOIRANS,27.00,3.20,5.00,7.10
AREA,VINAY,RIVES,42.00,5.40,7.80,11.30
AREA,VINAY,RUMILLY,141.00,16.20,24.80,35.10
AREA,VINAY,SAINT GENIX SUR GUIERS,91.00,11.30,18.00,25.70
AREA,VINAY,SAINT MARCELLIN,11.00,1.30,2.10,3.10
AREA,VINAY,SEYNOD SUD,148.00,16.50,25.40,36.20
AREA,VINAY,ST MARTIN BELLEVUE A410,191.00,21.10,32.70,46.70
AREA,VINAY,ST QUENTIN FAL. BARRIERE,107.00,13.60,20.50,29.50
AREA,VINAY,ST QUENTIN FAL. BRETELLE,86.00,10.50,16.70,23.80
AREA,VINAY,TULLINS,14.00,1.80,2.50,4.20
AREA,VINAY,VILLEFONTAINE,82.00,10.20,15.80,22.40
AREA,VINAY,VOIRON,31.00,4.00,6.10,8.60
AREA,VINAY,VOREPPE BARRIERE,40.00,4.60,6.70,9.50
AREA,VOIRON,AIGUEBELETTE,73.00,8.70,12.50,18.20
AREA,VOIRON,AIX NORD,97.00,11.10,17.10,24.40
AREA,VOIRON,AIX SUD,90.00,10.50,16.40,23.50
AREA,VOIRON,ALLONZIER,135.00,15.00,23.40,33.20
AREA,VOIRON,ANNECY CENTRE,123.00,13.80,21.30,31.00
AREA,VOIRON,ANNECY NORD,128.00,14.40,21.90,31.40
AREA,VOIRON,BOURGOIN,39.00,4.40,7.20,10.30
AREA,VOIRON,CHAMBERY NORD,83.00,10.50,16.10,22.90
AREA,VOIRON,CHATUZANGE BARRIERE,70.00,11.00,16.20,22.00
AREA,VOIRON,ISLE D'ABEAU CENTRE,45.00,6.40,9.20,13.40
AREA,VOIRON,LA BAUME D'HOSTUN,54.00,6.80,10.60,14.80
AREA,VOIRON,LA TOUR DU PIN,41.00,5.60,8.00,11.50
AREA,VOIRON,LA TOUR DU PIN EST,44.00,5.90,8.50,12.30
AREA,VOIRON,LES ABRETS,56.00,6.50,10.00,14.50
AREA,VOIRON,MOIRANS NORD,4.00,0.40,0.70,1.10
AREA,VOIRON,RIVES,11.00,1.20,2.00,3.70
AREA,VOIRON,RUMILLY,110.00,12.30,19.40,27.50
AREA,VOIRON,SAINT GENIX SUR GUIERS,60.00,7.50,11.70,17.40
AREA,VOIRON,SAINT MARCELLIN,41.00,5.50,8.00,11.50
AREA,VOIRON,SEYNOD SUD,117.00,12.90,19.90,28.90
AREA,VOIRON,ST MARTIN BELLEVUE A410,160.00,18.50,28.00,39.90
AREA,VOIRON,ST QUENTIN FAL. BARRIERE,76.00,10.90,16.10,22.90
AREA,VOIRON,ST QUENTIN FAL. BRETELLE,55.00,7.20,11.00,15.80
AREA,VOIRON,TULLINS,17.00,2.20,3.40,4.80
AREA,VOIRON,VILLEFONTAINE,51.00,6.60,10.00,14.70
AREA,VOIRON,VINAY,31.00,4.00,6.10,8.60
AREA,VOIRON,VOREPPE BARRIERE,24.00,2.50,3.20,5.60
AREA,VOREPPE BARRIERE,AIGUEBELETTE,97.00,10.70,16.60,23.30
AREA,VOREPPE BARRIERE,AIX NORD,121.00,13.60,21.60,30.80
AREA,VOREPPE BARRIERE,AIX SUD,114.00,13.20,20.60,29.20
AREA,VOREPPE BARRIERE,ALLONZIER,159.00,18.20,27.80,39.00
AREA,VOREPPE BARRIERE,ANNECY CENTRE,147.00,17.20,27.00,37.70
AREA,VOREPPE BARRIERE,ANNECY NORD,152.00,17.40,27.20,38.10
AREA,VOREPPE BARRIERE,BOURGOIN,63.00,7.20,10.90,15.50
AREA,VOREPPE BARRIERE,CHAMBERY NORD,107.00,13.30,19.60,28.50
AREA,VOREPPE BARRIERE,CHATUZANGE BARRIERE,79.00,11.30,17.90,25.10
AREA,VOREPPE BARRIERE,ISLE D'ABEAU CENTRE,69.00,9.30,13.60,19.40
AREA,VOREPPE BARRIERE,LA BAUME D'HOSTUN,63.00,7.40,11.70,16.90
AREA,VOREPPE BARRIERE,LA TOUR DU PIN,65.00,8.30,12.50,17.60
AREA,VOREPPE BARRIERE,LA TOUR DU PIN EST,68.00,8.60,13.00,18.30
AREA,VOREPPE BARRIERE,LES ABRETS,80.00,9.60,15.00,21.00
AREA,VOREPPE BARRIERE,MOIRANS,19.00,1.90,2.60,4.50
AREA,VOREPPE BARRIERE,RIVES,35.00,3.90,5.70,8.20
AREA,VOREPPE BARRIERE,RUMILLY,134.00,15.40,23.80,33.50
AREA,VOREPPE BARRIERE,SAINT GENIX SUR GUIERS,84.00,10.40,16.30,23.20
AREA,VOREPPE BARRIERE,SAINT MARCELLIN,50.00,6.20,8.90,12.90
AREA,VOREPPE BARRIERE,SEYNOD SUD,141.00,16.20,24.30,35.00
AREA,VOREPPE BARRIERE,ST MARTIN BELLEVUE A410,184.00,21.80,32.80,46.50
AREA,VOREPPE BARRIERE,ST QUENTIN FAL. BARRIERE,100.00,13.70,21.70,30.30
AREA,VOREPPE BARRIERE,ST QUENTIN FAL. BRETELLE,79.00,11.00,17.00,24.50
AREA,VOREPPE BARRIERE,TULLINS,26.00,2.70,4.00,6.00
AREA,VOREPPE BARRIERE,VILLEFONTAINE,75.00,9.70,14.80,21.00
AREA,VOREPPE BARRIERE,VINAY,40.00,4.60,6.70,9.50
AREA,VOREPPE BARRIERE,VOIRON,24.00,2.50,3.20,5.60
