operator,name_from,name_to,distance,price1,price2,price3,price4,price5,source
SAPN,BEAUTOT / A151,BOLBEC N°7,,4.30,,,,,official-2026
SAPN,BEAUTOT / A151,FECAMP N°8,,2.90,,,,,official-2026
SAPN,BEAUTOT / A151,LE HAVRE N°5 / A131,,6.70,,,,,official-2026
SAPN,BEAUTOT / A151,ST-ROMAIN-DE-COLBOSC N°6 A29 NORD,,4.90,,,,,official-2026
SAPN,BEAUTOT / A151,ST-SAËNS N°10 / A28,,2.00,,,,,official-2026
SAPN,BEAUTOT / A151,YVETOT / A150,,1.40,,,,,official-2026
SAPN,BEUZEVILLE N°28,BOURG-ACHARD N°25,,4.60,,,,,official-2026
SAPN,BEUZEVILLE N°28,BOURNEVILLE N°26,,4.60,,,,,official-2026
SAPN,BEUZEVILLE N°28,CAEN,,6.10,,,,,official-2026
SAPN,BEUZEVILLE N°28,CAGNY (A813),,6.10,,,,,official-2026
SAPN,BEUZEVILLE N°28,CHAUFOUR N°15 à GAILLON N°17,,9.10,,,,,official-2026
SAPN,BEUZEVILLE N°28,CHENARD N°1 (A29),,1.90,,,,,official-2026
SAPN,BEUZEVILLE N°28,CRIQUEBEUF N°20 à MAISON-BRÛLEE N°24 / ROUEN LES ESSARTS (A139),,4.60,,,,,official-2026
SAPN,BEUZEVILLE N°28,DOZULÉ N°30,,4.10,,,,,official-2026
SAPN,BEUZEVILLE N°28,HEUDEBOUVILLE N°18,,7.10,,,,,official-2026
SAPN,BEUZEVILLE N°28,INCARVILLE N°19 / A154,,7.00,,,,,official-2026
SAPN,BEUZEVILLE N°28,LA RIVIÈRE-SAINT-SAUVEUR N°3 (A29),,1.90,,,,,official-2026
SAPN,BEUZEVILLE N°28,PLATEAU N°2 (A29),,1.90,,,,,official-2026
SAPN,BEUZEVILLE N°28,POISSY / ORGEVAL N°7 à MANTES-SUD N°12,,12.10,,,,,official-2026
SAPN,BEUZEVILLE N°28,"PONT L'EVÊQUE, DEAUVILLE (A132)",,1.90,,,,,official-2026
SAPN,BEUZEVILLE N°28,TROARN N°31,,6.10,,,,,official-2026
SAPN,BOLBEC N°7,BEAUTOT / A151,,4.30,,,,,official-2026
SAPN,BOLBEC N°7,FECAMP N°8,,1.60,,,,,official-2026
SAPN,BOLBEC N°7,LE HAVRE N°5 / A131,,2.50,,,,,official-2026
SAPN,BOLBEC N°7,ST-ROMAIN-DE-COLBOSC N°6 A29 NORD,,1.00,,,,,official-2026
SAPN,BOLBEC N°7,ST-SAËNS N°10 / A28,,5.90,,,,,official-2026
SAPN,BOLBEC N°7,YVETOT / A150,,3.50,,,,,official-2026
SAPN,BONNIÈRES-SUR-SEINE (A13a),POISSY / ORGEVAL N°7 à MANTES-SUD N°12,,3.00,,,,,official-2026
SAPN,BOURG-ACHARD N°25,BEUZEVILLE N°28,,4.60,,,,,official-2026
SAPN,BOURG-ACHARD N°25,BOURNEVILLE N°26,,3.30,,,,,official-2026
SAPN,BOURG-ACHARD N°25,CAEN,,10.50,,,,,official-2026
SAPN,BOURG-ACHARD N°25,CAGNY (A813),,10.50,,,,,official-2026
SAPN,BOURG-ACHARD N°25,CHAUFOUR N°15 à GAILLON N°17,,6.50,,,,,official-2026
SAPN,BOURG-ACHARD N°25,CHENARD N°1 (A29),,6.30,,,,,official-2026
SAPN,BOURG-ACHARD N°25,CRIQUEBEUF N°20 à MAISON-BRÛLEE N°24 / ROUEN LES ESSARTS (A139),,2.00,,,,,official-2026
SAPN,BOURG-ACHARD N°25,DOZULÉ N°30,,8.50,,,,,official-2026
SAPN,BOURG-ACHARD N°25,HEUDEBOUVILLE N°18,,4.50,,,,,official-2026
SAPN,BOURG-ACHARD N°25,INCARVILLE N°19 / A154,,4.40,,,,,official-2026
SAPN,BOURG-ACHARD N°25,LA RIVIÈRE-SAINT-SAUVEUR N°3 (A29),,6.30,,,,,official-2026
SAPN,BOURG-ACHARD N°25,PLATEAU N°2 (A29),,6.30,,,,,official-2026
SAPN,BOURG-ACHARD N°25,POISSY / ORGEVAL N°7 à MANTES-SUD N°12,,9.50,,,,,official-2026
SAPN,BOURG-ACHARD N°25,"PONT L'EVÊQUE, DEAUVILLE (A132)",,6.30,,,,,official-2026
SAPN,BOURG-ACHARD N°25,TANCARVILLE (A131),,3.40,,,,,official-2026
SAPN,BOURG-ACHARD N°25,TOUTAINVILLE N°27,,4.10,,,,,official-2026
SAPN,BOURG-ACHARD N°25,TROARN N°31,,10.50,,,,,official-2026
SAPN,BOURNEVILLE N°26,BEUZEVILLE N°28,,4.60,,,,,official-2026
SAPN,BOURNEVILLE N°26,BOURG-ACHARD N°25,,3.30,,,,,official-2026
SAPN,BOURNEVILLE N°26,CAEN,,10.50,,,,,official-2026
SAPN,BOURNEVILLE N°26,CAGNY (A813),,10.50,,,,,official-2026
SAPN,BOURNEVILLE N°26,CHAUFOUR N°15 à GAILLON N°17,,7.80,,,,,official-2026
SAPN,BOURNEVILLE N°26,CHENARD N°1 (A29),,6.30,,,,,official-2026
SAPN,BOURNEVILLE N°26,CRIQUEBEUF N°20 à MAISON-BRÛLEE N°24 / ROUEN LES ESSARTS (A139),,3.30,,,,,official-2026
SAPN,BOURNEVILLE N°26,DOZULÉ N°30,,8.50,,,,,official-2026
SAPN,BOURNEVILLE N°26,HEUDEBOUVILLE N°18,,5.80,,,,,official-2026
SAPN,BOURNEVILLE N°26,INCARVILLE N°19 / A154,,5.70,,,,,official-2026
SAPN,BOURNEVILLE N°26,LA RIVIÈRE-SAINT-SAUVEUR N°3 (A29),,6.30,,,,,official-2026
SAPN,BOURNEVILLE N°26,PLATEAU N°2 (A29),,6.30,,,,,official-2026
SAPN,BOURNEVILLE N°26,POISSY / ORGEVAL N°7 à MANTES-SUD N°12,,10.80,,,,,official-2026
SAPN,BOURNEVILLE N°26,"PONT L'EVÊQUE, DEAUVILLE (A132)",,6.30,,,,,official-2026
SAPN,BOURNEVILLE N°26,TANCARVILLE (A131),,3.40,,,,,official-2026
SAPN,BOURNEVILLE N°26,TOUTAINVILLE N°27,,4.10,,,,,official-2026
SAPN,BOURNEVILLE N°26,TROARN N°31,,10.50,,,,,official-2026
SAPN,CAEN,BEUZEVILLE N°28,,6.10,,,,,official-2026
SAPN,CAEN,BOURG-ACHARD N°25,,10.50,,,,,official-2026
SAPN,CAEN,BOURNEVILLE N°26,,10.50,,,,,official-2026
SAPN,CAEN,CAGNY (A813),,0.90,,,,,official-2026
SAPN,CAEN,CHAUFOUR N°15 à GAILLON N°17,,15.00,,,,,official-2026
SAPN,CAEN,CHENARD N°1 (A29),,5.70,,,,,official-2026
SAPN,CAEN,CRIQUEBEUF N°20 à MAISON-BRÛLEE N°24 / ROUEN LES ESSARTS (A139),,10.50,,,,,official-2026
SAPN,CAEN,DOZULÉ N°30,,2.20,,,,,official-2026
SAPN,CAEN,HEUDEBOUVILLE N°18,,13.00,,,,,official-2026
SAPN,CAEN,INCARVILLE N°19 / A154,,12.90,,,,,official-2026
SAPN,CAEN,LA RIVIÈRE-SAINT-SAUVEUR N°3 (A29),,5.70,,,,,official-2026
SAPN,CAEN,POISSY / ORGEVAL N°7 à MANTES-SUD N°12,,18.00,,,,,official-2026
SAPN,CAEN,"PONT L'EVÊQUE, DEAUVILLE (A132)",,4.20,,,,,official-2026
SAPN,CAEN,TROARN N°31,,0.90,,,,,official-2026
SAPN,CAGNY (A813),BEUZEVILLE N°28,,6.10,,,,,official-2026
SAPN,CAGNY (A813),BOURG-ACHARD N°25,,10.50,,,,,official-2026
SAPN,CAGNY (A813),BOURNEVILLE N°26,,10.50,,,,,official-2026
SAPN,CAGNY (A813),CAEN,,0.90,,,,,official-2026
SAPN,CAGNY (A813),CHAUFOUR N°15 à GAILLON N°17,,15.00,,,,,official-2026
SAPN,CAGNY (A813),CHENARD N°1 (A29),,5.70,,,,,official-2026
SAPN,CAGNY (A813),CRIQUEBEUF N°20 à MAISON-BRÛLEE N°24 / ROUEN LES ESSARTS (A139),,10.50,,,,,official-2026
SAPN,CAGNY (A813),DOZULÉ N°30,,2.20,,,,,official-2026
SAPN,CAGNY (A813),HEUDEBOUVILLE N°18,,13.00,,,,,official-2026
SAPN,CAGNY (A813),INCARVILLE N°19 / A154,,12.90,,,,,official-2026
SAPN,CAGNY (A813),LA RIVIÈRE-SAINT-SAUVEUR N°3 (A29),,5.70,,,,,official-2026
SAPN,CAGNY (A813),POISSY / ORGEVAL N°7 à MANTES-SUD N°12,,18.00,,,,,official-2026
SAPN,CAGNY (A813),"PONT L'EVÊQUE, DEAUVILLE (A132)",,4.20,,,,,official-2026
SAPN,CAGNY (A813),TROARN N°31,,0.90,,,,,official-2026
SAPN,CHAUFOUR N°15 à GAILLON N°17,BEUZEVILLE N°28,,9.10,,,,,official-2026
SAPN,CHAUFOUR N°15 à GAILLON N°17,BOURG-ACHARD N°25,,6.50,,,,,official-2026
SAPN,CHAUFOUR N°15 à GAILLON N°17,BOURNEVILLE N°26,,7.80,,,,,official-2026
SAPN,CHAUFOUR N°15 à GAILLON N°17,CAEN,,15.00,,,,,official-2026
SAPN,CHAUFOUR N°15 à GAILLON N°17,CAGNY (A813),,15.00,,,,,official-2026
SAPN,CHAUFOUR N°15 à GAILLON N°17,CHENARD N°1 (A29),,10.80,,,,,official-2026
SAPN,CHAUFOUR N°15 à GAILLON N°17,CRIQUEBEUF N°20 à MAISON-BRÛLEE N°24 / ROUEN LES ESSARTS (A139),,4.50,,,,,official-2026
SAPN,CHAUFOUR N°15 à GAILLON N°17,DOZULÉ N°30,,13.00,,,,,official-2026
SAPN,CHAUFOUR N°15 à GAILLON N°17,HEUDEBOUVILLE N°18,,2.40,,,,,official-2026
SAPN,CHAUFOUR N°15 à GAILLON N°17,INCARVILLE N°19 / A154,,4.50,,,,,official-2026
SAPN,CHAUFOUR N°15 à GAILLON N°17,LA RIVIÈRE-SAINT-SAUVEUR N°3 (A29),,10.80,,,,,official-2026
SAPN,CHAUFOUR N°15 à GAILLON N°17,PLATEAU N°2 (A29),,10.80,,,,,official-2026
SAPN,CHAUFOUR N°15 à GAILLON N°17,POISSY / ORGEVAL N°7 à MANTES-SUD N°12,,3.00,,,,,official-2026
SAPN,CHAUFOUR N°15 à GAILLON N°17,"PONT L'EVÊQUE, DEAUVILLE (A132)",,10.80,,,,,official-2026
SAPN,CHAUFOUR N°15 à GAILLON N°17,TANCARVILLE (A131),,7.90,,,,,official-2026
SAPN,CHAUFOUR N°15 à GAILLON N°17,TOUTAINVILLE N°27,,8.60,,,,,official-2026
SAPN,CHAUFOUR N°15 à GAILLON N°17,TROARN N°31,,15.00,,,,,official-2026
SAPN,CHENARD N°1 (A29),BEUZEVILLE N°28,,1.90,,,,,official-2026
SAPN,CHENARD N°1 (A29),BOURG-ACHARD N°25,,6.30,,,,,official-2026
SAPN,CHENARD N°1 (A29),BOURNEVILLE N°26,,6.30,,,,,official-2026
SAPN,CHENARD N°1 (A29),CAEN,,5.70,,,,,official-2026
SAPN,CHENARD N°1 (A29),CAGNY (A813),,5.70,,,,,official-2026
SAPN,CHENARD N°1 (A29),CHAUFOUR N°15 à GAILLON N°17,,10.80,,,,,official-2026
SAPN,CHENARD N°1 (A29),CRIQUEBEUF N°20 à MAISON-BRÛLEE N°24 / ROUEN LES ESSARTS (A139),,6.30,,,,,official-2026
SAPN,CHENARD N°1 (A29),DOZULÉ N°30,,3.70,,,,,official-2026
SAPN,CHENARD N°1 (A29),HEUDEBOUVILLE N°18,,8.80,,,,,official-2026
SAPN,CHENARD N°1 (A29),INCARVILLE N°19 / A154,,8.70,,,,,official-2026
SAPN,CHENARD N°1 (A29),LA RIVIÈRE-SAINT-SAUVEUR N°3 (A29),,1.50,,,,,official-2026
SAPN,CHENARD N°1 (A29),POISSY / ORGEVAL N°7 à MANTES-SUD N°12,,13.80,,,,,official-2026
SAPN,CHENARD N°1 (A29),"PONT L'EVÊQUE, DEAUVILLE (A132)",,1.50,,,,,official-2026
SAPN,CHENARD N°1 (A29),TROARN N°31,,5.70,,,,,official-2026
SAPN,CRIQUEBEUF N°20 à MAISON-BRÛLEE N°24 / ROUEN LES ESSARTS (A139),BEUZEVILLE N°28,,4.60,,,,,official-2026
SAPN,CRIQUEBEUF N°20 à MAISON-BRÛLEE N°24 / ROUEN LES ESSARTS (A139),BOURG-ACHARD N°25,,2.00,,,,,official-2026
SAPN,CRIQUEBEUF N°20 à MAISON-BRÛLEE N°24 / ROUEN LES ESSARTS (A139),BOURNEVILLE N°26,,3.30,,,,,official-2026
SAPN,CRIQUEBEUF N°20 à MAISON-BRÛLEE N°24 / ROUEN LES ESSARTS (A139),CAEN,,10.50,,,,,official-2026
SAPN,CRIQUEBEUF N°20 à MAISON-BRÛLEE N°24 / ROUEN LES ESSARTS (A139),CAGNY (A813),,10.50,,,,,official-2026
SAPN,CRIQUEBEUF N°20 à MAISON-BRÛLEE N°24 / ROUEN LES ESSARTS (A139),CHAUFOUR N°15 à GAILLON N°17,,4.50,,,,,official-2026
SAPN,CRIQUEBEUF N°20 à MAISON-BRÛLEE N°24 / ROUEN LES ESSARTS (A139),CHENARD N°1 (A29),,6.30,,,,,official-2026
SAPN,CRIQUEBEUF N°20 à MAISON-BRÛLEE N°24 / ROUEN LES ESSARTS (A139),DOZULÉ N°30,,8.50,,,,,official-2026
SAPN,CRIQUEBEUF N°20 à MAISON-BRÛLEE N°24 / ROUEN LES ESSARTS (A139),HEUDEBOUVILLE N°18,,2.50,,,,,official-2026
SAPN,CRIQUEBEUF N°20 à MAISON-BRÛLEE N°24 / ROUEN LES ESSARTS (A139),INCARVILLE N°19 / A154,,2.40,,,,,official-2026
SAPN,CRIQUEBEUF N°20 à MAISON-BRÛLEE N°24 / ROUEN LES ESSARTS (A139),LA RIVIÈRE-SAINT-SAUVEUR N°3 (A29),,6.30,,,,,official-2026
SAPN,CRIQUEBEUF N°20 à MAISON-BRÛLEE N°24 / ROUEN LES ESSARTS (A139),PLATEAU N°2 (A29),,6.30,,,,,official-2026
SAPN,CRIQUEBEUF N°20 à MAISON-BRÛLEE N°24 / ROUEN LES ESSARTS (A139),POISSY / ORGEVAL N°7 à MANTES-SUD N°12,,7.50,,,,,official-2026
SAPN,CRIQUEBEUF N°20 à MAISON-BRÛLEE N°24 / ROUEN LES ESSARTS (A139),"PONT L'EVÊQUE, DEAUVILLE (A132)",,6.30,,,,,official-2026
SAPN,CRIQUEBEUF N°20 à MAISON-BRÛLEE N°24 / ROUEN LES ESSARTS (A139),TANCARVILLE (A131),,3.40,,,,,official-2026
SAPN,CRIQUEBEUF N°20 à MAISON-BRÛLEE N°24 / ROUEN LES ESSARTS (A139),TOUTAINVILLE N°27,,4.10,,,,,official-2026
SAPN,CRIQUEBEUF N°20 à MAISON-BRÛLEE N°24 / ROUEN LES ESSARTS (A139),TROARN N°31,,10.50,,,,,official-2026
SAPN,DOZULÉ N°30,BEUZEVILLE N°28,,4.10,,,,,official-2026
SAPN,DOZULÉ N°30,BOURG-ACHARD N°25,,8.50,,,,,official-2026
SAPN,DOZULÉ N°30,BOURNEVILLE N°26,,8.50,,,,,official-2026
SAPN,DOZULÉ N°30,CAEN,,2.20,,,,,official-2026
SAPN,DOZULÉ N°30,CAGNY (A813),,2.20,,,,,official-2026
SAPN,DOZULÉ N°30,CHAUFOUR N°15 à GAILLON N°17,,13.00,,,,,official-2026
SAPN,DOZULÉ N°30,CHENARD N°1 (A29),,3.70,,,,,official-2026
SAPN,DOZULÉ N°30,CRIQUEBEUF N°20 à MAISON-BRÛLEE N°24 / ROUEN LES ESSARTS (A139),,8.50,,,,,official-2026
SAPN,DOZULÉ N°30,HEUDEBOUVILLE N°18,,11.00,,,,,official-2026
SAPN,DOZULÉ N°30,INCARVILLE N°19 / A154,,10.90,,,,,official-2026
SAPN,DOZULÉ N°30,LA RIVIÈRE-SAINT-SAUVEUR N°3 (A29),,3.70,,,,,official-2026
SAPN,DOZULÉ N°30,POISSY / ORGEVAL N°7 à MANTES-SUD N°12,,16.00,,,,,official-2026
SAPN,DOZULÉ N°30,"PONT L'EVÊQUE, DEAUVILLE (A132)",,2.20,,,,,official-2026
SAPN,DOZULÉ N°30,TROARN N°31,,2.20,,,,,official-2026
SAPN,FECAMP N°8,BEAUTOT / A151,,2.90,,,,,official-2026
SAPN,FECAMP N°8,BOLBEC N°7,,1.60,,,,,official-2026
SAPN,FECAMP N°8,LE HAVRE N°5 / A131,,4.20,,,,,official-2026
SAPN,FECAMP N°8,ST-ROMAIN-DE-COLBOSC N°6 A29 NORD,,2.40,,,,,official-2026
SAPN,FECAMP N°8,ST-SAËNS N°10 / A28,,4.60,,,,,official-2026
SAPN,FECAMP N°8,YVETOT / A150,,1.90,,,,,official-2026
SAPN,HEUDEBOUVILLE N°18,BEUZEVILLE N°28,,7.10,,,,,official-2026
SAPN,HEUDEBOUVILLE N°18,BOURG-ACHARD N°25,,4.50,,,,,official-2026
SAPN,HEUDEBOUVILLE N°18,BOURNEVILLE N°26,,5.80,,,,,official-2026
SAPN,HEUDEBOUVILLE N°18,CAEN,,13.00,,,,,official-2026
SAPN,HEUDEBOUVILLE N°18,CAGNY (A813),,13.00,,,,,official-2026
SAPN,HEUDEBOUVILLE N°18,CHAUFOUR N°15 à GAILLON N°17,,2.40,,,,,official-2026
SAPN,HEUDEBOUVILLE N°18,CHENARD N°1 (A29),,8.80,,,,,official-2026
SAPN,HEUDEBOUVILLE N°18,CRIQUEBEUF N°20 à MAISON-BRÛLEE N°24 / ROUEN LES ESSARTS (A139),,2.50,,,,,official-2026
SAPN,HEUDEBOUVILLE N°18,DOZULÉ N°30,,11.00,,,,,official-2026
SAPN,HEUDEBOUVILLE N°18,INCARVILLE N°19 / A154,,2.50,,,,,official-2026
SAPN,HEUDEBOUVILLE N°18,LA RIVIÈRE-SAINT-SAUVEUR N°3 (A29),,8.80,,,,,official-2026
SAPN,HEUDEBOUVILLE N°18,PLATEAU N°2 (A29),,8.80,,,,,official-2026
SAPN,HEUDEBOUVILLE N°18,POISSY / ORGEVAL N°7 à MANTES-SUD N°12,,5.40,,,,,official-2026
SAPN,HEUDEBOUVILLE N°18,"PONT L'EVÊQUE, DEAUVILLE (A132)",,8.80,,,,,official-2026
SAPN,HEUDEBOUVILLE N°18,TANCARVILLE (A131),,5.90,,,,,official-2026
SAPN,HEUDEBOUVILLE N°18,TOUTAINVILLE N°27,,6.60,,,,,official-2026
SAPN,HEUDEBOUVILLE N°18,TROARN N°31,,13.00,,,,,official-2026
SAPN,INCARVILLE N°19 / A154,BEUZEVILLE N°28,,7.00,,,,,official-2026
SAPN,INCARVILLE N°19 / A154,BOURG-ACHARD N°25,,4.40,,,,,official-2026
SAPN,INCARVILLE N°19 / A154,BOURNEVILLE N°26,,5.70,,,,,official-2026
SAPN,INCARVILLE N°19 / A154,CAEN,,12.90,,,,,official-2026
SAPN,INCARVILLE N°19 / A154,CAGNY (A813),,12.90,,,,,official-2026
SAPN,INCARVILLE N°19 / A154,CHAUFOUR N°15 à GAILLON N°17,,4.50,,,,,official-2026
SAPN,INCARVILLE N°19 / A154,CHENARD N°1 (A29),,8.70,,,,,official-2026
SAPN,INCARVILLE N°19 / A154,CRIQUEBEUF N°20 à MAISON-BRÛLEE N°24 / ROUEN LES ESSARTS (A139),,2.40,,,,,official-2026
SAPN,INCARVILLE N°19 / A154,DOZULÉ N°30,,10.90,,,,,official-2026
SAPN,INCARVILLE N°19 / A154,HEUDEBOUVILLE N°18,,2.50,,,,,official-2026
SAPN,INCARVILLE N°19 / A154,LA RIVIÈRE-SAINT-SAUVEUR N°3 (A29),,8.70,,,,,official-2026
SAPN,INCARVILLE N°19 / A154,PLATEAU N°2 (A29),,8.70,,,,,official-2026
SAPN,INCARVILLE N°19 / A154,POISSY / ORGEVAL N°7 à MANTES-SUD N°12,,7.50,,,,,official-2026
SAPN,INCARVILLE N°19 / A154,"PONT L'EVÊQUE, DEAUVILLE (A132)",,8.70,,,,,official-2026
SAPN,INCARVILLE N°19 / A154,TANCARVILLE (A131),,5.80,,,,,official-2026
SAPN,INCARVILLE N°19 / A154,TOUTAINVILLE N°27,,6.50,,,,,official-2026
SAPN,INCARVILLE N°19 / A154,TROARN N°31,,12.90,,,,,official-2026
SAPN,LA RIVIÈRE-SAINT-SAUVEUR N°3 (A29),BEUZEVILLE N°28,,1.90,,,,,official-2026
SAPN,LA RIVIÈRE-SAINT-SAUVEUR N°3 (A29),BOURG-ACHARD N°25,,6.30,,,,,official-2026
SAPN,LA RIVIÈRE-SAINT-SAUVEUR N°3 (A29),BOURNEVILLE N°26,,6.30,,,,,official-2026
SAPN,LA RIVIÈRE-SAINT-SAUVEUR N°3 (A29),CAEN,,5.70,,,,,official-2026
SAPN,LA RIVIÈRE-SAINT-SAUVEUR N°3 (A29),CAGNY (A813),,5.70,,,,,official-2026
SAPN,LA RIVIÈRE-SAINT-SAUVEUR N°3 (A29),CHAUFOUR N°15 à GAILLON N°17,,10.80,,,,,official-2026
SAPN,LA RIVIÈRE-SAINT-SAUVEUR N°3 (A29),CHENARD N°1 (A29),,1.50,,,,,official-2026
SAPN,LA RIVIÈRE-SAINT-SAUVEUR N°3 (A29),CRIQUEBEUF N°20 à MAISON-BRÛLEE N°24 / ROUEN LES ESSARTS (A139),,6.30,,,,,official-2026
SAPN,LA RIVIÈRE-SAINT-SAUVEUR N°3 (A29),DOZULÉ N°30,,3.70,,,,,official-2026
SAPN,LA RIVIÈRE-SAINT-SAUVEUR N°3 (A29),HEUDEBOUVILLE N°18,,8.80,,,,,official-2026
SAPN,LA RIVIÈRE-SAINT-SAUVEUR N°3 (A29),INCARVILLE N°19 / A154,,8.70,,,,,official-2026
SAPN,LA RIVIÈRE-SAINT-SAUVEUR N°3 (A29),POISSY / ORGEVAL N°7 à MANTES-SUD N°12,,13.80,,,,,official-2026
SAPN,LA RIVIÈRE-SAINT-SAUVEUR N°3 (A29),"PONT L'EVÊQUE, DEAUVILLE (A132)",,1.50,,,,,official-2026
SAPN,LA RIVIÈRE-SAINT-SAUVEUR N°3 (A29),TROARN N°31,,5.70,,,,,official-2026
SAPN,LE HAVRE N°5 / A131,BEAUTOT / A151,,6.70,,,,,official-2026
SAPN,LE HAVRE N°5 / A131,BOLBEC N°7,,2.50,,,,,official-2026
SAPN,LE HAVRE N°5 / A131,FECAMP N°8,,4.20,,,,,official-2026
SAPN,LE HAVRE N°5 / A131,ST-ROMAIN-DE-COLBOSC N°6 A29 NORD,,1.20,,,,,official-2026
SAPN,LE HAVRE N°5 / A131,ST-SAËNS N°10 / A28,,9.50,,,,,official-2026
SAPN,LE HAVRE N°5 / A131,YVETOT / A150,,5.70,,,,,official-2026
SAPN,PLATEAU N°2 (A29),BEUZEVILLE N°28,,1.90,,,,,official-2026
SAPN,PLATEAU N°2 (A29),BOURG-ACHARD N°25,,6.30,,,,,official-2026
SAPN,PLATEAU N°2 (A29),BOURNEVILLE N°26,,6.30,,,,,official-2026
SAPN,PLATEAU N°2 (A29),CHAUFOUR N°15 à GAILLON N°17,,10.80,,,,,official-2026
SAPN,PLATEAU N°2 (A29),CRIQUEBEUF N°20 à MAISON-BRÛLEE N°24 / ROUEN LES ESSARTS (A139),,6.30,,,,,official-2026
SAPN,PLATEAU N°2 (A29),HEUDEBOUVILLE N°18,,8.80,,,,,official-2026
SAPN,PLATEAU N°2 (A29),INCARVILLE N°19 / A154,,8.70,,,,,official-2026
SAPN,PLATEAU N°2 (A29),POISSY / ORGEVAL N°7 à MANTES-SUD N°12,,13.80,,,,,official-2026
SAPN,POISSY / ORGEVAL N°7 à MANTES-SUD N°12,BEUZEVILLE N°28,,12.10,,,,,official-2026
SAPN,POISSY / ORGEVAL N°7 à MANTES-SUD N°12,BONNIÈRES-SUR-SEINE (A13a),,3.00,,,,,official-2026
SAPN,POISSY / ORGEVAL N°7 à MANTES-SUD N°12,BOURG-ACHARD N°25,,9.50,,,,,official-2026
SAPN,POISSY / ORGEVAL N°7 à MANTES-SUD N°12,BOURNEVILLE N°26,,10.80,,,,,official-2026
SAPN,POISSY / ORGEVAL N°7 à MANTES-SUD N°12,CAEN,,18.00,,,,,official-2026
SAPN,POISSY / ORGEVAL N°7 à MANTES-SUD N°12,CAGNY (A813),,18.00,,,,,official-2026
SAPN,POISSY / ORGEVAL N°7 à MANTES-SUD N°12,CHAUFOUR N°15 à GAILLON N°17,,3.00,,,,,official-2026
SAPN,POISSY / ORGEVAL N°7 à MANTES-SUD N°12,CHENARD N°1 (A29),,13.80,,,,,official-2026
SAPN,POISSY / ORGEVAL N°7 à MANTES-SUD N°12,CRIQUEBEUF N°20 à MAISON-BRÛLEE N°24 / ROUEN LES ESSARTS (A139),,7.50,,,,,official-2026
SAPN,POISSY / ORGEVAL N°7 à MANTES-SUD N°12,DOZULÉ N°30,,16.00,,,,,official-2026
SAPN,POISSY / ORGEVAL N°7 à MANTES-SUD N°12,HEUDEBOUVILLE N°18,,5.40,,,,,official-2026
SAPN,POISSY / ORGEVAL N°7 à MANTES-SUD N°12,INCARVILLE N°19 / A154,,7.50,,,,,official-2026
SAPN,POISSY / ORGEVAL N°7 à MANTES-SUD N°12,LA RIVIÈRE-SAINT-SAUVEUR N°3 (A29),,13.80,,,,,official-2026
SAPN,POISSY / ORGEVAL N°7 à MANTES-SUD N°12,PLATEAU N°2 (A29),,13.80,,,,,official-2026
SAPN,POISSY / ORGEVAL N°7 à MANTES-SUD N°12,"PONT L'EVÊQUE, DEAUVILLE (A132)",,13.80,,,,,official-2026
SAPN,POISSY / ORGEVAL N°7 à MANTES-SUD N°12,TANCARVILLE (A131),,10.90,,,,,official-2026
SAPN,POISSY / ORGEVAL N°7 à MANTES-SUD N°12,TOUTAINVILLE N°27,,11.60,,,,,official-2026
SAPN,POISSY / ORGEVAL N°7 à MANTES-SUD N°12,TROARN N°31,,18.00,,,,,official-2026
SAPN,"PONT L'EVÊQUE, DEAUVILLE (A132)",BEUZEVILLE N°28,,1.90,,,,,official-2026
SAPN,"PONT L'EVÊQUE, DEAUVILLE (A132)",BOURG-ACHARD N°25,,6.30,,,,,official-2026
SAPN,"PONT L'EVÊQUE, DEAUVILLE (A132)",BOURNEVILLE N°26,,6.30,,,,,official-2026
SAPN,"PONT L'EVÊQUE, DEAUVILLE (A132)",CAEN,,4.20,,,,,official-2026
SAPN,"PONT L'EVÊQUE, DEAUVILLE (A132)",CAGNY (A813),,4.20,,,,,official-2026
SAPN,"PONT L'EVÊQUE, DEAUVILLE (A132)",CHAUFOUR N°15 à GAILLON N°17,,10.80,,,,,official-2026
SAPN,"PONT L'EVÊQUE, DEAUVILLE (A132)",CHENARD N°1 (A29),,1.50,,,,,official-2026
SAPN,"PONT L'EVÊQUE, DEAUVILLE (A132)",CRIQUEBEUF N°20 à MAISON-BRÛLEE N°24 / ROUEN LES ESSARTS (A139),,6.30,,,,,official-2026
SAPN,"PONT L'EVÊQUE, DEAUVILLE (A132)",DOZULÉ N°30,,2.20,,,,,official-2026
SAPN,"PONT L'EVÊQUE, DEAUVILLE (A132)",HEUDEBOUVILLE N°18,,8.80,,,,,official-2026
SAPN,"PONT L'EVÊQUE, DEAUVILLE (A132)",INCARVILLE N°19 / A154,,8.70,,,,,official-2026
SAPN,"PONT L'EVÊQUE, DEAUVILLE (A132)",LA RIVIÈRE-SAINT-SAUVEUR N°3 (A29),,1.50,,,,,official-2026
SAPN,"PONT L'EVÊQUE, DEAUVILLE (A132)",POISSY / ORGEVAL N°7 à MANTES-SUD N°12,,13.80,,,,,official-2026
SAPN,"PONT L'EVÊQUE, DEAUVILLE (A132)",TROARN N°31,,4.20,,,,,official-2026
SAPN,ST-ROMAIN-DE-COLBOSC N°6 A29 NORD,BEAUTOT / A151,,4.90,,,,,official-2026
SAPN,ST-ROMAIN-DE-COLBOSC N°6 A29 NORD,BOLBEC N°7,,1.00,,,,,official-2026
SAPN,ST-ROMAIN-DE-COLBOSC N°6 A29 NORD,FECAMP N°8,,2.40,,,,,official-2026
SAPN,ST-ROMAIN-DE-COLBOSC N°6 A29 NORD,LE HAVRE N°5 / A131,,1.20,,,,,official-2026
SAPN,ST-ROMAIN-DE-COLBOSC N°6 A29 NORD,ST-SAËNS N°10 / A28,,6.00,,,,,official-2026
SAPN,ST-ROMAIN-DE-COLBOSC N°6 A29 NORD,YVETOT / A150,,3.70,,,,,official-2026
SAPN,ST-SAËNS N°10 / A28,BEAUTOT / A151,,2.00,,,,,official-2026
SAPN,ST-SAËNS N°10 / A28,BOLBEC N°7,,5.90,,,,,official-2026
SAPN,ST-SAËNS N°10 / A28,FECAMP N°8,,4.60,,,,,official-2026
SAPN,ST-SAËNS N°10 / A28,LE HAVRE N°5 / A131,,9.50,,,,,official-2026
SAPN,ST-SAËNS N°10 / A28,ST-ROMAIN-DE-COLBOSC N°6 A29 NORD,,6.00,,,,,official-2026
SAPN,ST-SAËNS N°10 / A28,YVETOT / A150,,3.10,,,,,official-2026
SAPN,TANCARVILLE (A131),BOURG-ACHARD N°25,,3.40,,,,,official-2026
SAPN,TANCARVILLE (A131),BOURNEVILLE N°26,,3.40,,,,,official-2026
SAPN,TANCARVILLE (A131),CHAUFOUR N°15 à GAILLON N°17,,7.90,,,,,official-2026
SAPN,TANCARVILLE (A131),CRIQUEBEUF N°20 à MAISON-BRÛLEE N°24 / ROUEN LES ESSARTS (A139),,3.40,,,,,official-2026
SAPN,TANCARVILLE (A131),HEUDEBOUVILLE N°18,,5.90,,,,,official-2026
SAPN,TANCARVILLE (A131),INCARVILLE N°19 / A154,,5.80,,,,,official-2026
SAPN,TANCARVILLE (A131),POISSY / ORGEVAL N°7 à MANTES-SUD N°12,,10.90,,,,,official-2026
SAPN,TOUTAINVILLE N°27,BOURG-ACHARD N°25,,4.10,,,,,official-2026
SAPN,TOUTAINVILLE N°27,BOURNEVILLE N°26,,4.10,,,,,official-2026
SAPN,TOUTAINVILLE N°27,CHAUFOUR N°15 à GAILLON N°17,,8.60,,,,,official-2026
SAPN,TOUTAINVILLE N°27,CRIQUEBEUF N°20 à MAISON-BRÛLEE N°24 / ROUEN LES ESSARTS (A139),,4.10,,,,,official-2026
SAPN,TOUTAINVILLE N°27,HEUDEBOUVILLE N°18,,6.60,,,,,official-2026
SAPN,TOUTAINVILLE N°27,INCARVILLE N°19 / A154,,6.50,,,,,official-2026
SAPN,TOUTAINVILLE N°27,POISSY / ORGEVAL N°7 à MANTES-SUD N°12,,11.60,,,,,official-2026
SAPN,TROARN N°31,BEUZEVILLE N°28,,6.10,,,,,official-2026
SAPN,TROARN N°31,BOURG-ACHARD N°25,,10.50,,,,,official-2026
SAPN,TROARN N°31,BOURNEVILLE N°26,,10.50,,,,,official-2026
SAPN,TROARN N°31,CAEN,,0.90,,,,,official-2026
SAPN,TROARN N°31,CAGNY (A813),,0.90,,,,,official-2026
SAPN,TROARN N°31,CHAUFOUR N°15 à GAILLON N°17,,15.00,,,,,official-2026
SAPN,TROARN N°31,CHENARD N°1 (A29),,5.70,,,,,official-2026
SAPN,TROARN N°31,CRIQUEBEUF N°20 à MAISON-BRÛLEE N°24 / ROUEN LES ESSARTS (A139),,10.50,,,,,official-2026
SAPN,TROARN N°31,DOZULÉ N°30,,2.20,,,,,official-2026
SAPN,TROARN N°31,HEUDEBOUVILLE N°18,,13.00,,,,,official-2026
SAPN,TROARN N°31,INCARVILLE N°19 / A154,,12.90,,,,,official-2026
SAPN,TROARN N°31,LA RIVIÈRE-SAINT-SAUVEUR N°3 (A29),,5.70,,,,,official-2026
SAPN,TROARN N°31,POISSY / ORGEVAL N°7 à MANTES-SUD N°12,,18.00,,,,,official-2026
SAPN,TROARN N°31,"PONT L'EVÊQUE, DEAUVILLE (A132)",,4.20,,,,,official-2026
SAPN,YVETOT / A150,BEAUTOT / A151,,1.40,,,,,official-2026
SAPN,YVETOT / A150,BOLBEC N°7,,3.50,,,,,official-2026
SAPN,YVETOT / A150,FECAMP N°8,,1.90,,,,,official-2026
SAPN,YVETOT / A150,LE HAVRE N°5 / A131,,5.70,,,,,official-2026
SAPN,YVETOT / A150,ST-ROMAIN-DE-COLBOSC N°6 A29 NORD,,3.70,,,,,official-2026
SAPN,YVETOT / A150,ST-SAËNS N°10 / A28,,3.10,,,,,official-2026
