name,operator,lat,lon,type
CONDRIEU,ASF,45.5055132,4.8406636,open
PEAGE DE VIENNE,ASF,45.4761176,4.8330663,closed
AUBERIVES,ASF,45.3898018,4.8053591,closed
CHANAS,ASF,45.3211595,4.8098547,closed
TAIN,ASF,45.0684081,4.8684133,closed
VALENCE NORD,ASF,44.9701995,4.8875504,closed
VALENCE SUD,ASF,44.9049476,4.8801182,closed
LORIOL,ASF,44.756849,4.7912697,closed
MONTELIMAR NORD,ASF,44.6689369,4.7949641,closed
MONTELIMAR SUD,ASF,44.4813385,4.7635161,closed
BOLLENE,ASF,44.2902627,4.7509278,closed
ORANGE NORD,ASF,44.1642263,4.7645828,closed
ORANGE CENTRE,ASF,44.1353197,4.7956315,closed
ORANGE SUD,ASF,44.1109575,4.8452452,closed
AVIGNON NORD,ASF,43.9820509,4.8884123,closed
AVIGNON SUD,ASF,43.8929306,4.9158159,closed
CAVAILLON,ASF,43.8199281,5.0278555,closed
SENAS,ASF,43.7420819,5.0898154,closed
SALON NORD,ASF,43.6594307,5.1025902,closed
SALON SUD,ASF,43.6269017,5.106501,closed
GRANS,ASF,43.6229698,5.0835304,closed
SALON OUEST,ASF,43.6363295,5.0228102,closed
PEAGE DE SAINT MARTIN DE CRAU,ASF,43.6379262,4.8578292,closed
PEAGE DE LANCON,ASF,43.5937043,5.1747436,closed
COUDOUX,ASF,43.5523405,5.2383307,open
ROQUEMAURE,ASF,44.0256301,4.7353923,closed
REMOULINS,ASF,43.9373087,4.5983631,closed
NIMES EST,ASF,43.8560961,4.420576,closed
NIMES OUEST,ASF,43.8137306,4.3429068,closed
NIMES CENTRE,ASF,43.8074823,4.3744374,closed
NIMES GARONS,ASF,43.761307,4.4274639,closed
PEAGE D ARLES,ASF,43.690342,4.5446514,closed
GALLARGUES,ASF,43.7229495,4.1810614,closed
LUNEL,ASF,43.7027498,4.1197187,closed
PEAGE DE BAILLARGUES,ASF,43.6708729,4.0126478,closed
VIENNE SUD,ASF,45.4746418,4.8343996,open
SETE,ASF,43.4775255,3.6851276,closed
AGDE PEZENAS,ASF,43.3740078,3.417892,closed
PEAGE DE BEZIERS CABRIALS,ASF,43.3438596,3.2875375,closed
BEZIERS OUEST,ASF,43.304563,3.2190641,closed
NARBONNE EST,ASF,43.1790939,3.0348258,closed
NARBONNE SUD,ASF,43.1645016,2.9901729,closed
SIGEAN,ASF,43.0331894,2.9561957,closed
LEUCATE,ASF,42.9389777,2.9730298,closed
PERPIGNAN NORD,ASF,42.7817287,2.8973351,closed
PERPIGNAN SUD,ASF,42.6667471,2.8590489,closed
PEAGE DU PERTHUS,ASF,42.5277363,2.821473,closed
LEZIGNAN,ASF,43.17189,2.7411404,closed
CARCASSONNE EST,ASF,43.2020227,2.418166,closed
CARCASSONNE OUEST,ASF,43.1998981,2.3100831,closed
BRAM,ASF,43.238934,2.0999074,closed
CASTELNAUDARY,ASF,43.2907822,1.946745,closed
VILLEFRANCHE DE LAURAGAIS,ASF,43.3985865,1.6962059,closed
NAILLOUX,ASF,43.3824192,1.6168325,closed
MAZERES SAVERDUN,ASF,43.2344401,1.6360077,closed
PEAGE DE PAMIERS,ASF,43.1541446,1.6158718,closed
MONTGISCARD,ASF,43.4608882,1.5883118,closed
PEAGE DE TOULOUSE SUD OUEST,ASF,43.5453086,1.5000225,closed
PEAGE DE TOULOUSE SUD EST,ASF,43.5455566,1.5004396,closed
PEAGE DE MONTPELLIER ST JEAN,ASF,43.5617904,3.8301934,closed
LE BOULOU,ASF,42.5237027,2.8173684,closed
L UNION,ASF,43.6452356,1.4979269,open
PEAGE DE TOULOUSE EST,ASF,43.6473594,1.5077254,open
PEAGE DE TOULOUSE NORD OUEST,ASF,43.6580892,1.4271185,closed
SAINT JORY,ASF,43.7183094,1.3981013,closed
EUROCENTRE,ASF,43.7649417,1.3805023,closed
MONTAUBAN,ASF,43.9287005,1.3143202,closed
CASTELSARRASIN,ASF,44.0557632,1.097352,closed
VALENCE D AGEN,ASF,44.0641414,0.8665624,closed
AGEN,ASF,44.1650334,0.6056288,closed
AGEN OUEST,ASF,44.1875022,0.5460239,closed
AIGUILLON,ASF,44.2845338,0.2699371,closed
MARMANDE,ASF,44.4347709,0.1328803,closed
LA REOLE,ASF,44.5114169,-0.0495015,closed
LANGON,ASF,44.5443191,-0.2620828,closed
PODENSAC,ASF,44.6075445,-0.3668195,closed
PEAGE DE SAINT SELVE,ASF,44.6591839,-0.4540608,closed
BAZAS,A’LIENOR,44.4452449,-0.2423002,closed
CAPTIEUX,A’LIENOR,44.2860318,-0.2280667,closed
ROQUEFORT,A’LIENOR,44.04491,-0.343255,closed
LE CALOY,A’LIENOR,43.9469871,-0.393924,closed
AIRE SUR ADOUR NORD,A’LIENOR,43.7221639,-0.2707856,closed
AIRE SUR ADOUR SUD,A’LIENOR,43.6645842,-0.2766787,closed
GARLIN,A’LIENOR,43.5652949,-0.2926501,closed
THEZE,A’LIENOR,43.4713749,-0.3210547,closed
PEAGE DE SAMES,ASF,43.5297063,-1.1868429,closed
PEYREHORADE,ASF,43.5170174,-1.103737,closed
SALIES,ASF,43.5098572,-0.9218215,closed
ORTHEZ,ASF,43.4671974,-0.7486871,closed
ARTIX,ASF,43.3950598,-0.5511787,closed
LESCAR,ASF,43.3452483,-0.4188068,closed
PAU CENTRE,ASF,43.3304237,-0.3505117,closed
SOUMOULOU,ASF,43.2725542,-0.1999122,closed
TARBES OUEST,ASF,43.2207482,0.0236651,closed
TARBES EST,ASF,43.2137336,0.1083677,closed
TOURNAY,ASF,43.1774027,0.2399837,closed
CAPVERN,ASF,43.1033454,0.3427227,closed
LANNEMEZAN,ASF,43.097816,0.3903233,closed
MONTREJEAU,ASF,43.1001591,0.5953613,closed
SAINT GAUDENS,ASF,43.1156846,0.7566067,closed
PEAGE DE LESTELLE,ASF,43.1205699,0.8957946,closed
GUICHE,ASF,43.5123235,-1.2230649,open
PEAGE DE MURET,ASF,43.505462,1.3520299,open
LESTELLE DE SAINT MARTORY,ASF,43.1195337,0.8947521,open
PEAGE DE BIRIATOU,AUTOROUTES DU SUD DE LA FRANCE,43.3412455,-1.7496367,open
ST JEAN DE LUZ SUD,ASF,43.3719502,-1.6763524,open
PEAGE DE LA NEGRESSE,ASF,43.4491731,-1.5537438,open
BIARRITZ,ASF,43.4504664,-1.5544554,open
BAYONNE SUD,ASF,43.4622534,-1.4984754,open
ONDRES,ASF,43.5415617,-1.4355904,open
CAPBRETON,ASF,43.6305539,-1.3947363,open
PEAGE DE BENESSE MARENNE,ASF,43.6240583,-1.4005755,open
PEAGE DE MONTAUBAN NORD,ASF,44.0524498,1.4101071,closed
CAUSSADE,ASF,44.149933,1.5156002,closed
CAHORS SUD,ASF,44.3427348,1.4940673,closed
CAHORS NORD,ASF,44.5323371,1.5063224,closed
LABASTIDE MURAT,ASF,44.6981278,1.5805783,closed
SOUILLAC,ASF,44.9006891,1.5043301,closed
PEAGE DE GIGNAC,ASF,44.9907475,1.5265818,closed
MARTEL,ASF,44.9933565,1.5314244,open
MUSSIDAN EST,ASF,45.0653628,0.4297875,closed
MUSSIDAN SUD,ASF,45.0107553,0.3774855,closed
MONTPON MENESTEROL,ASF,44.9859243,0.1562632,closed
COUTRAS,ASF,45.0120743,-0.0998393,closed
LIBOURNE NORD,ASF,44.9570612,-0.2451243,closed
PEAGE D ARVEYRES,ASF,44.8851487,-0.268608,closed
PEAGE DE THENON,ASF,45.1513597,1.1675897,open
LA BACHELLERIE,ASF,45.1480869,1.1747099,open
MANSAC TERRASSON,ASF,45.1525541,1.3782132,open
PEAGE DE TOURS CENTRE,ASF,47.2184528,0.6577159,closed
SAINTE MAURE,ASF,47.1072866,0.5876617,closed
CHATELLERAULT NORD,ASF,46.8369794,0.530822,closed
CHATELLERAULT SUD,ASF,46.7786646,0.50452,closed
FUTUROSCOPE,ASF,46.6701286,0.3599572,closed
POITIERS NORD,VINCI,46.6215062,0.3437828,closed
POITIERS SUD,ASF,46.5489824,0.2892931,closed
ST MAIXENT SOUDAN,ASF,46.4255262,-0.0821627,closed
NIORT EST,ASF,46.3552904,-0.331188,closed
NIORT NORD,ASF,46.4193233,-0.3969591,closed
NIORT OUEST,ASF,46.3878963,-0.6478799,closed
FONTENAY CENTRE,ASF,46.4359963,-0.8214534,closed
FONTENAY OUEST,ASF,46.4646302,-0.8767346,closed
SAINTE HERMINE,ASF,46.5335213,-1.0791804,closed
CHANTONNAY,ASF,46.6272005,-1.1544805,closed
LES ESSARTS,ASF,46.7903968,-1.1946328,closed
PEAGE DE LA ROCHE SUR YON - LA ROCHE SUR YON,ASF,46.6725704,-1.3459591,closed
LES HERBIERS,ASF,46.9020192,-1.046772,closed
LA VERRIE,ASF,46.9446866,-0.9766132,closed
CHOLET SUD,ASF,47.0189982,-0.880635,closed
CHOLET NORD,ASF,47.0833658,-0.8280595,closed
CHEMILLE,ASF,47.2359369,-0.7276426,closed
PEAGE DE BEAULIEU S LAYON,ASF,47.3263959,-0.6040156,closed
MONTAIGU,ASF,46.9594945,-1.353045,closed
AIGREFEUILLE,ASF,47.0692661,-1.4374016,closed
PEAGE DU BIGNON,ASF,47.114722,-1.4919985,closed
VOUILLE,ASF,46.3074932,-0.3663971,closed
LA ROCHELLE NIORT SUD,ASF,46.2441045,-0.4606127,closed
ST JEAN D ANGELY - SAINT JEAN D ANGELY,ASF,45.9628699,-0.5458975,closed
PEAGE DE CABARIOT,ASF,45.9439955,-0.8491667,closed
SAINTES,ASF,45.7523174,-0.6639451,closed
PONS,ASF,45.5744618,-0.5956219,closed
MIRAMBEAU,ASF,45.3777,-0.5796224,closed
ST AUBIN DE BLAYE - SAINT AUBIN DE BLAYE,ASF,45.2543461,-0.5478033,closed
PEAGE DE VIRSAC,ASF,45.0235919,-0.4354379,closed
THOUARCE,ASF,47.3295057,-0.596352,open
TONNAY CHARENTE,ASF,45.9550146,-0.8811779,open
ABLIS,UNKNOWN,48.5288128,1.8324339,closed
CHARTRES EST,UNKNOWN,48.4551129,1.5391447,closed
THIVARS - CHARTRES THIVARS,UNKNOWN,48.3634354,1.444326,closed
ILLIERS COMBRAY,UNKNOWN,48.294416,1.2702437,closed
LUIGNY - BROU,UNKNOWN,48.2345952,1.0331397,closed
LA FERTE BERNARD,UNKNOWN,48.1499662,0.6872078,closed
CONNERRE,UNKNOWN,48.075376,0.4793078,closed
LE MANS NORD - LE MANS ZI NORD,UNKNOWN,48.050376,0.1739762,closed
AUVOURS,UNKNOWN,48.0046451,0.3124879,closed
PARIGNE L EVEQUE,UNKNOWN,47.9556467,0.3202046,closed
ECOMMOY,UNKNOWN,47.82037,0.3016977,closed
MONTABON,UNKNOWN,47.6860846,0.3714066,closed
PEAGE DE ST CHRISTOPHE,UNKNOWN,47.6382202,0.4967952,closed
PEAGE DU ROUMOIS,UNKNOWN,49.3539593,0.8350875,closed
BRIONNE,UNKNOWN,49.2420686,0.7724971,closed
BERNAY,UNKNOWN,49.1376884,0.5780951,closed
BROGLIE OUEST - ORBEC,UNKNOWN,49.0344273,0.4432192,closed
GACE,UNKNOWN,48.774355,0.3062189,closed
SEES,UNKNOWN,48.6352041,0.1871255,closed
PEAGE D ARGENTAN - ARGENTAN,COFIROUTE,48.6328851,0.1909656,closed
ALENCON NORD,UNKNOWN,48.4530431,0.1240957,closed
ALENCON SUD,UNKNOWN,48.3978618,0.1046972,closed
ROUESSE FONTAINE,UNKNOWN,48.31154,0.1335365,closed
MARESCHE,UNKNOWN,48.1967147,0.1688051,closed
LE MANS OUEST,UNKNOWN,48.0217292,0.1273963,closed
LE MANS SUD,UNKNOWN,47.9737203,0.0575183,closed
SABLE LA FLECHE,UNKNOWN,47.7755032,-0.2086032,closed
DURTAL,UNKNOWN,47.6678426,-0.2596964,closed
SEICHES SUR LE LOIR,UNKNOWN,47.5664551,-0.3279756,closed
PEAGE DE CORZE,UNKNOWN,47.5393628,-0.3410345,closed
JOUE EN CHARNIE,UNKNOWN,48.0043802,-0.2173331,closed
VAIGES,UNKNOWN,48.0555468,-0.4872759,closed
LAVAL EST,UNKNOWN,48.1076995,-0.7384822,closed
LAVAL OUEST,UNKNOWN,48.1045802,-0.8343026,closed
PEAGE DE LA GRAVELLE,UNKNOWN,48.0828379,-1.0276084,closed
BEAUFORT EN VALLEE,UNKNOWN,47.4681192,-0.1935225,closed
LONGUE - LONGUE JUMELLES,UNKNOWN,47.4045141,-0.1159748,closed
VIVY SAUMUR,UNKNOWN,47.310571,-0.0317123,closed
BOURGUEIL,UNKNOWN,47.2532013,0.166591,closed
PEAGE DE RESTIGNE,UNKNOWN,47.2702961,0.2538241,closed
PEAGE DE VEAUCHETTE,ASF,45.560687,4.2418185,closed
MONTBRISON MONTROND,ASF,45.6373059,4.1960802,closed
FEURS,ASF,45.7375962,4.1862842,closed
PEAGE DE ST ROMAIN DE POPEY,ASF,45.8719396,4.5088342,closed
TARARE EST FERME,ASF,45.8719026,4.5088503,closed
TARARE OUEST,ASF,45.8916265,4.4031281,closed
BALBIGNY,ASF,45.8411009,4.1641534,closed
ST GERMAIN LAVAL,ASF,45.8609213,4.0420209,closed
NOIRETABLE,ASF,45.8493579,3.7942361,closed
THIERS EST,ASF,45.8787911,3.6248586,closed
THIERS OUEST,ASF,45.8599682,3.5037813,closed
LEZOUX,ASF,45.8485714,3.383616,closed
PEAGE DES MARTRES D ARTIERE,ASF,45.8279708,3.2411609,closed
TARARE EST OUVERT,ASF,45.8763081,4.522054,open
MANZAT,APRR,45.9539605,2.9826574,closed
VULCANIA BROMONT,APRR,45.8339019,2.822617,closed
ST JULIEN SANCY,APRR,45.6663047,2.6824524,closed
USSEL EST,APRR,45.5889363,2.4145518,closed
USSEL OUEST,APRR,45.5124063,2.2588909,closed
EGLETONS,APRR,45.4073918,2.0211932,closed
TULLE EST,APRR,45.3181188,1.8503589,closed
TULLE NORD,APRR,45.3290189,1.7639661,closed
PEAGE DE ST GERMAIN LES VERGNES,APRR,45.2839317,1.6171681,closed
PEAGE DE CLERMONT,APRR,45.8413126,3.1610281,closed
GERZAT,APRR,45.8419673,3.1608014,closed
RIOM,APRR,45.8955545,3.1481729,closed
COMBRONDE,APRR,45.9960339,3.1046691,closed
PEAGE DE GANNAT - GANNAT,APRR,46.0980771,3.1356526,closed
MONTMARAULT,APRR,46.3276582,2.9663511,closed
PEAGE DE DEUX CHAISES - DEUX CHAISES,APRR,46.3703031,3.0276811,closed
PEAGE DE MONTLUCON - MONTLUCON,APRR,46.3964311,2.7112613,closed
FORET DE TRONCAIS,APRR,46.5064795,2.6303355,closed
ST AMAND MONTROND,APRR,46.7220021,2.4583168,closed
BOURGES,APRR,47.0448918,2.3417968,closed
VIERZON EST,APRR,47.2118385,2.1184157,closed
VIERZON NORD,APRR,47.2438063,2.0644035,closed
VILLEFRANCHE SUR CHER - ROMORANTIN,APRR,47.3245608,1.7656674,closed
CHEMERY - SELLES SUR CHER,APRR,47.3246739,1.5001828,closed
ST ROMAIN SUR CHER - SAINT AIGNAN SUR CHER,APRR,47.3065782,1.3531066,closed
BLERE,APRR,47.2864836,0.9844652,closed
ESVRES,APRR,47.3071705,0.7960772,closed
PEAGE DE VEIGNE,APRR,47.3120032,0.7352858,closed
SALBRIS,APRR,47.4185485,2.025665,closed
LAMOTTE BEUVRON,APRR,47.5817361,1.9910306,closed
OLIVET,APRR,47.8408587,1.8693513,closed
ORLEANS CENTRE,APRR,47.8982384,1.8531879,closed
PEAGE DE ST ARNOULT,APRR,48.5536289,1.9303383,closed
ALLAINVILLE,APRR,48.456566,1.9083125,closed
ALLAINES,APRR,48.205309,1.8459556,closed
ARTENAY,APRR,48.0841897,1.8557181,closed
GIDY,APRR,47.9670494,1.8515589,closed
ORLEANS NORD,APRR,47.9495887,1.8546514,closed
MEUNG SUR LOIRE,APRR,47.832803,1.6690019,closed
MER,APRR,47.7285632,1.5086201,closed
BLOIS,APRR,47.6215008,1.3464557,closed
AMBOISE CHATEAU RENAULT,APRR,47.5428585,0.9848382,closed
PEAGE DE MONNAIE,APRR,47.4903389,0.8194191,closed
ESCRENNES,APRR,48.11639,2.1911176,closed
AUXY,APRR,48.0853357,2.4727593,closed
GONDREVILLE NORD,APRR,48.0607779,2.6676442,closed
GONDREVILLE SUD,APRR,42.0606642,2.6676092,closed
FONTENAY SUR LOING,APRR,48.0641618,2.7670794,closed
ST HILAIRE LES ANDRESIS - SAINT HILAIRE LES ANDRESIS,APRR,48.0368366,3.0225587,closed
SAVIGNY SUR CLAIRIS,APRR,48.0559454,3.0880896,closed
VILLENEUVE DONDAGRE,APRR,48.1496404,3.1713746,closed
ST DENIS LES SENS - SAINT DENIS LES SENS,APRR,48.2369888,3.262201,closed
PEAGE DE FLEURY EN BIERE,APRR,48.4266295,2.5401807,closed
URY,APRR,48.338634,2.5954312,closed
FONTAINEBLEAU,APRR,48.2896884,2.6832481,closed
NEMOURS,APRR,48.2695319,2.71338,closed
COURTENAY,APRR,48.0597651,3.0952651,closed
JOIGNY,APRR,47.9383172,3.244093,closed
AUXERRE NORD,APRR,47.8516154,3.5486952,closed
AUXERRE SUD,APRR,47.7967621,3.6528479,closed
NITRY,APRR,47.6591113,3.8795829,closed
AVALLON,APRR,47.5093282,3.992068,closed
BIERRE LES SEMUR,APRR,47.4365874,4.3094972,closed
PEAGE DE POUILLY EN AUXOIS,APRR,47.2524848,4.5611717,closed
BEAUNE NORD,APRR,47.0419741,4.850623,closed
BEAUNE SUD,APRR,47.0024231,4.8547961,closed
CHALON NORD,APRR,46.8304241,4.8317434,closed
CHALON CENTRE,APRR,46.8025546,4.829904,closed
CHALON SUD,APRR,46.754768,4.8331365,closed
TOURNUS,APRR,46.5790969,4.9011715,closed
MACON NORD,APRR,46.365966,4.8393236,closed
MACON SUD,APRR,46.2830087,4.7928327,closed
BELLEVILLE SUR SAONE,APRR,46.1038175,4.7502931,closed
VILLEFRANCHE NORD,APRR,46.0223536,4.7220235,closed
VILLEFRANCHE VILLE,APRR,45.9768763,4.7347339,closed
PEAGE DE VILLEFRANCHE LIMAS,APRR,45.9732236,4.7324254,closed
VAL DE LOING SOUPPES,APRR,48.1763227,2.7668025,closed
PEAGE DE VAL DE LOING BARRIERE,APRR,48.1763308,2.7668822,closed
PEAGE DES EPRUNES,APRR,48.5891526,2.65705,closed
ST GERMAIN LAXIS - SAINT GERMAIN LAXIS,APRR,48.5880155,2.7247238,closed
CHATILLON LABORDE,APRR,48.5422046,2.7975037,closed
FORGES,APRR,48.4213725,2.9432973,closed
MAROLLES SUR SEINE,APRR,48.3801783,3.0203703,closed
VULAINES,APRR,48.2377942,3.6012971,closed
TORVILLIERS,APRR,48.2844446,3.965953,closed
ST THIBAULT - SAINT THIBAULT,APRR,48.2233891,4.1297359,closed
MAGNANT,APRR,48.1791079,4.4406086,closed
VILLE SOUS LA FERTE,APRR,48.1149682,4.7855547,closed
CHAUMONT SEMOUTIERS,APRR,48.0428105,5.0592698,closed
THENNELIERES,APRR,48.289342,4.1629475,closed
CHARMONT SOUS BARBUISE,APRR,48.4103294,4.1438377,closed
VALLEE DE L AUBE,APRR,48.5254684,4.1855778,closed
SOMMESOUS,APRR,48.7298276,4.2292654,closed
VATRY,APRR,48.7676355,4.2399554,closed
MONT CHOISY,APRR,48.910712,4.2881712,closed
ST GIBRIEN - SAINT GIBRIEN,APRR,48.9735998,4.2886495,closed
PEAGE DE REIMS EST,APRR,49.2115374,4.0785028,closed
REIMS SUD,APRR,49.2051715,4.0065175,closed
PEAGE REIMS NORD,APRR,49.246236,3.9622758,closed
REIMS OUEST,APRR,49.2496005,3.9558387,closed
DORMANS,APRR,49.153751,3.7169903,closed
CHATEAU THIERRY,APRR,49.0784022,3.3987808,closed
MONTREUIL REIMS - MONTREUIL AUX LIONS,APRR,49.0132565,3.1552689,closed
PEAGE DE MONTREUIL AUX LIONS,APRR,49.0096803,3.1456152,closed
CHALONS LA VEUVE,APRR,49.0428396,4.3217468,closed
ST ETIENNE AU TEMPLE - SAINT ETIENNE AU TEMPLE,APRR,49.0334402,4.4358734,closed
STE MENEHOULD - SAINTE MENEHOULD,APRR,49.0763749,4.8837392,closed
CLERMONT EN ARGONNE,APRR,49.0944409,5.1017163,closed
VOIE SACREE,APRR,49.0938355,5.2784389,closed
VERDUN,APRR,49.1109692,5.4138552,closed
FRESNES EN WOEVRE,APRR,49.1291065,5.6212762,closed
JARNY,APRR,49.1999154,5.9016705,closed
PEAGE DE BEAUMONT,APRR,49.1990129,5.9242368,closed
PEAGE DE GYE,APRR,48.6297148,5.8833117,closed
COLOMBEY LES BELLES,APRR,48.5406483,5.9089246,closed
CHATENOIS SUD - CHATENOIS,APRR,48.2994713,5.8529366,closed
BULGNEVILLE,APRR,48.2157812,5.8325029,closed
ROBECOURT,APRR,48.1460604,5.6874369,closed
MONTIGNY LE ROI,APRR,47.997372,5.5118949,closed
LANGRES NORD,APRR,47.9351554,5.2867691,closed
LANGRES SUD,APRR,47.7923617,5.2262935,closed
TIL CHATEL,APRR,47.5387434,5.1947119,closed
DIJON ARC SUR TILLE,APRR,47.3446742,5.1593268,closed
PEAGE DE DIJON SUD,APRR,47.2612255,5.0333664,closed
NUITS ST GEORGES - NUITS SAINT GEORGES,APRR,47.1309722,4.9672925,closed
SEURRE,APRR,47.0293728,5.1702888,closed
DOLE,APRR,47.1360589,5.5062258,closed
GENDREY,APRR,47.1835108,5.7088685,closed
BESANCON OUEST,APRR,47.2347307,5.8981115,closed
BESANCON NORD,APRR,47.2761169,5.9879716,closed
BESANCON EST,APRR,47.3323071,6.1512694,closed
BAUME LES DAMES,APRR,47.3710062,6.3797317,closed
L ISLE SUR LE DOUBS,APRR,47.4125179,6.5856079,closed
PEAGE DE ST MAURICE,APRR,47.4253686,6.6711249,closed
PEAGE DE DIJON CRIMOLOIS,APRR,47.2769114,5.1379222,closed
SOIRANS,APRR,47.2053403,5.3050035,closed
CHOISEY,APRR,47.0646274,5.4468518,closed
PEAGE DE BERSAILLIN,APRR,46.8492838,5.5745067,closed
ARLAY,APRR,46.7778289,5.5185989,closed
BEAUREPAIRE,APRR,46.6664307,5.4189821,closed
LE MIROIR,APRR,46.5474715,5.3265684,closed
BEAUPONT,APRR,46.4409805,5.2698552,closed
PEAGE DE VAL DE SAONE,APRR,46.2953901,4.8978335,closed
MACON CENTRE,APRR,46.3401042,4.8472814,closed
FEILLENS,APRR,46.3288346,4.8824112,closed
REPLONGES,APRR,46.3007801,4.8957548,closed
ST GENIS - SAINT GENIS,APRR,46.2722265,5.0158394,closed
BOURG NORD,APRR,46.2599489,5.1669614,closed
VIRIAT,APRR,46.2357293,5.2734836,closed
BOURG SUD,APRR,46.1456922,5.2862738,closed
ST MARTIN DU FRESNE - SAINT MARTIN DU FRESNE,APRR,46.1324281,5.5415206,closed
SYLANS SUD - SYLANS,APRR,46.1585737,5.6483351,closed
BELLEGARDE,APRR,46.1160243,5.795008,closed
ELOISE,APRR,46.06516,5.8639647,closed
PEAGE DE VIRY,APRR,46.1200143,6.0095423,closed
LA CROIX CHALON,APRR,46.1777171,5.5590084,closed
PEAGE DE GROISSIAT - GROISSIAT,APRR,46.2237181,5.6140918,closed
PONT D AIN,APRR,46.0481257,5.3278855,closed
AMBERIEU - AMBERIEU EN BUGEY,APRR,45.9776792,5.312599,closed
PEROUGES,APRR,45.8607917,5.1812783,closed
BALAN,APRR,45.851012,5.0994272,closed
LA BOISE MONTUEL - LA BOISSE MONTLUEL,APRR,45.8407595,5.0469894,closed
PEAGE DE BEYNOST - BEYNOST,APRR,45.8206664,4.9939405,closed
PEAGE DE LA COTIERE,APRR,45.83428,5.0314003,closed
PEAGE DE LA BOISSE,APRR,45.8277301,5.0326389,closed
AIGUEBELETTE,AREA,45.576882,5.7992485,closed
AITON,AREA,45.5559554,6.2481429,closed
AIX NORD,AREA,45.7161491,5.922156,closed
AIX SUD,AREA,45.653626,5.9216532,closed
ALLONZIER,AREA,45.9897608,6.1277756,closed
ANNECY CENTRE,AREA,45.8979211,6.0925664,closed
ANNECY NORD,AREA,45.9388473,6.1169789,closed
BOURGOIN,AREA,45.5822626,5.3002391,closed
CHAMBERY NORD,AREA,45.6024284,5.8867608,closed
CHATUZANGE BARRIERE,AREA,45.0259152,5.0969532,closed
CHESNES,AREA,45.6556504,5.0979386,open
CHIGNIN BARRIERE,AREA,45.5126775,6.0022092,closed
CHIGNIN BRETELLE,AREA,45.5112648,6.0045729,open
CHIGNIN LES MARCHES,AREA,45.5090272,6.0062545,closed
CROLLES BARRIERE,AREA,45.2717703,5.9007427,closed
CROLLES BRIGNOUD,AREA,45.271791,5.90069,closed
CURSEILLES EST OUEST A41N,AREA,45.9933364,6.1280537,open
CURSEILLES EST OUEST A410,AREA,45.9933709,6.1281654,open
HERMILLON,AREA,45.2989217,6.3552921,closed
ISLE D ABEAU CENTRE,AREA,45.605103,5.2344726,closed
LA BAUME D HOSTUN,AREA,45.064633,5.2080027,closed
LA TOUR DU PIN,AREA,45.5618738,5.4288421,closed
LA TOUR DU PIN EST,AREA,45.5571846,5.4628749,closed
LE CROZET,AREA,45.0454854,5.6787994,open
LE TOUVET,AREA,45.3474721,5.9636052,closed
LES ABRETS,AREA,45.5713824,5.6041018,closed
MOIRANS,AREA,45.3200799,5.607543,closed
MOIRANS NORD,AREA,45.3234894,5.6028346,closed
MONTMELIAN,AREA,45.4949937,6.0575949,closed
PONTCHARRA,AREA,45.4258536,5.9951768,closed
RIVES,AREA,45.3840979,5.4730239,closed
RUMILLY,AREA,45.8158454,6.006903,closed
SAINT EXUPERY,AREA,45.6727252,5.0514167,open
SAINT GENIX SUR GUIERS,AREA,45.5727704,5.6591386,closed
SAINT MARCELLIN,AREA,45.1382768,5.3261599,closed
SAINT PIERRE D ALBIGNY,AREA,45.5488777,6.1599137,closed
SEYNOD SUD,AREA,45.8459699,6.0578384,closed
ST MARTIN BELLEVUE A41 N,AREA,45.9897553,6.1277404,closed
ST MARTIN BELLEVUE A410,AREA,45.9898140,6.1283793,closed
ST PIERRE BELLEVILLE,AREA,45.469812,6.2871707,closed
ST QUENTIN FAL BARRIERE,AREA,45.6483669,5.1200573,closed
ST QUENTIN FAL BRETELLE,AREA,45.64851,5.1201314,closed
STE HELENE BARRIERE,AREA,45.6199212,6.3119232,closed
STE MARIE DE CUINES,AREA,45.3460087,6.3055052,closed
TULLINS,AREA,45.2870178,5.5218684,closed
VILLEFONTAINE,AREA,45.6284645,5.1644734,closed
VINAY - VIRY,AREA,45.1994862,5.419409,closed
VOIRON,AREA,45.347549,5.5664029,closed
VOREPPE BARRIERE,AREA,45.2831859,5.6216873,closed
COPPONEX,AREA,46.0500633,6.080934,open
ST MICHEL MAURIENNE BAR,SFTRF,45.218696,6.4590391,closed
ST MICHEL MAURIENNE ECH,SFTRF,45.2185495,6.4589619,closed
CROTTET,APRR,46.2867138,4.8701066,open
DORDIVES,APRR,48.1724553,2.7661741,open
FONTAINE LARIVIERE,APRR,47.675968,6.9817416,open
GENAY,APRR,45.9003691,4.819361,open
LE TOURNEAU,APRR,47.9929422,2.6775813,open
MIONNAY,APRR,45.883043,4.8989851,open
MYENNES,APRR,47.4373764,2.9406583,open
QUINCIEUX BARRIERE,APRR,45.9079069,4.7382319,open
VICHY,APRR,46.1384815,3.351355,open
ANCENIS DIR ANGERS,COFIROUTE,47.402548,-1.1935247,open
ANCENIS DIR NANTES,COFIROUTE,47.3993627,-1.1927741,open
ANCENIS PEAGE,COFIROUTE,47.4006985,-1.195879,open
BEAUPREAU SAINT GERMAIN,UNKNOWN,47.4317189,-0.8163578,open
DOURDAN,UNKNOWN,48.5696351,1.9902419,closed
SAINT JEAN DE LINIERES,UNKNOWN,47.4665473,-0.6860373,open
TOURS CENTRE CANDE,UNKNOWN,47.3036812,0.6883244,open
VIEILLEVILLE,UNKNOWN,47.2913532,-1.4803645,open
